text_id,fold
0016926B079C,2
0022683E9EA5,0
00299B378633,1
003885A45F42,3
0049B1DF5CCC,3
004AC288D833,2
005661280443,3
008DDDDD8E8D,3
009BCCC61C2A,3
009F4E9310CB,0
00B21F9B726F,0
00BCADB373EF,1
00D281524375,0
00ED2563D0B1,1
011AAA636F11,3
01350DF42AED,0
01405C3C569D,3
01501F95B8B2,1
017802562E71,3
01794F5F1423,2
017D2125A1DE,0
01911AC9674D,2
019BDC9DF7CD,1
01A65BA4080E,0
01B3FDB3FD57,3
01C53183305A,2
0230A077F5B6,2
025722D0AFB7,0
027CB6393714,0
02B07248077F,3
02B36EBD5C66,2
0316F6288791,3
032EA4B76BF5,3
036042533396,2
0369AD4B5726,2
037C88B5B111,0
037ED3EA2982,1
0381BBE47393,1
0383E4A36E46,3
03844422EA75,0
038480498E5A,2
03A3B40D651B,0
03C9E7A15C42,0
03CB73341E0E,1
03CC97D3747E,0
03D00899C901,0
03F7CF142B70,3
0420DDE0BABD,3
0435196871A1,2
043B9F48FDC2,3
04491B61A791,3
0465517EB6B7,1
04659704890C,2
046C6FB91CBA,0
046ECC91332C,2
04788D56AC58,0
047BD3CB80B4,1
0484BCFC725D,2
04ACA7EB3994,2
04B3A4DD9460,1
04B6FD84A066,1
04C2DA8069E7,1
04E1A9EE5BE1,3
04FA62C5F269,0
05021F4CA528,1
0506BAC596A7,1
050BFA60C6AF,3
0514D25768A0,0
051C3A22AEE0,1
053ACB9DFE74,2
053C05D2EE43,1
0546517E6BAA,0
0563F089C239,1
057E81E19740,2
057EE790CCEA,0
05903AA4540F,2
05ACEDBB9CB4,0
05CE0C0C5102,3
05E5653B781C,1
05EC08C05019,3
05F30981F3EB,2
05F54CEC774B,2
0607B495212F,2
061AF57CB05C,2
061D2BBACB45,2
0623DD5A8E8F,1
062AE7A344D3,2
063F809DE304,0
064423D845B1,0
06737289651D,0
06C9FC1267BB,2
06E81109FE92,2
06F368177993,0
06F5F6A09DC6,0
06FA8EF28227,0
070D792C65B7,2
074FA0221628,2
0756FC69B810,2
076262AA0CD5,2
0781753B768E,0
078201045481,0
079FDB42E429,3
07A4DAFDE5B7,0
07C6BB6ADA38,1
07CE77EA56C5,1
07D5647B11AE,3
07DFD9A0986B,1
07E1633CC87A,2
07F3241EB3C6,1
0803CE11A14A,1
083E12F6B1D0,3
084763DC1C8C,3
085C8B43ADD6,0
08683001D359,0
0877E6A813FE,1
08B25090A80C,0
08B72DCFD859,1
08D8232F2D78,0
08FAE6E0BDCC,1
08FC0154E0EF,2
08FC47A564AE,2
092BBD374359,1
0943E322C195,3
094684D6DD30,2
095E153640F7,3
0985602832CD,1
09A801B564F5,1
09ADB0629CD0,0
09EC2F6B0D24,2
0A082DA0A890,2
0A1482CD6163,1
0A324290AFE7,1
0A3964629F69,2
0A4CDC286F8C,2
0A8B8F282E45,2
0AAD73A0AA91,1
0AB62AE1C13F,3
0ABD502C5BF9,1
0AC3C87DC51A,3
0ACB3F8B9DF8,2
0AD69388300B,2
0AF4F757FBEA,2
0AFAD06336F3,1
0AFC8CE27321,2
0AFEC3CC53B5,3
0B00BC4CBABC,2
0B1599B11FCF,2
0B3118834B72,3
0B478E81218B,0
0B6316123881,0
0B720B5EA0E9,2
0B72A4344B3E,3
0B84A2B37B65,2
0B953049AE1E,0
0BB7AF7A448C,0
0BB9FAE6E27B,3
0BDADA3AFF77,3
0BEB8F7F5A64,0
0BF56A2681D3,3
0C1EDBE2EEC3,0
0C28481DFBB8,0
0C30A2A5D998,0
0C699C871AA5,1
0C7D385D812A,3
0C88A0C1602B,1
0C88E7BE611B,2
0C8D699DEE90,1
0C91926E2BC6,2
0CB1237268E3,1
0CCB18D0CAB7,2
0CFDDC1CF75A,3
0D00750E249B,2
0D0CADFF33DF,0
0D23E504FBC0,0
0D382343F3D7,0
0D5DA97CCEAE,0
0D65AF80CDE7,3
0D807ABE1BB3,1
0D8EC8868869,1
0D9288F0A6C9,0
0DB44DDF91E6,0
0DC7DEF31BE5,2
0DF2006FC8F1,3
0E03218FDD2F,0
0E07647BBC59,2
0E14B9D24898,1
0E22A47D358E,0
0E26C20CFBBE,3
0E3C1F059C31,1
0E4FA5AC1EC1,2
0E5C8FE6867B,3
0E6BB199BF93,3
0E9FC972215F,2
0EBED6896F51,1
0EC392C06372,3
0EC7D67618F4,0
0ED9E0B4AC30,0
0EE67777ABB5,0
0EEE49F99224,1
0F19DD8FEEDC,2
0F32DDCBECB6,1
0F3EC382C3CB,2
0F473C4B0103,1
0F563E567370,1
0F634E9B3E9C,3
0F7900292BB6,3
0F7DB6BD1AD5,2
0F8436260047,1
0F84CCFB4982,1
0F8F499BAAB9,1
0F9FDD188673,2
0FD73E4EED03,1
0FF307182628,2
0FFB44B5D0C2,1
101576652D3B,1
101E0C554F66,0
101E64C9DA0E,0
1087B6C7FB98,0
108CA77CBAB4,3
10988CD16BF3,0
109D8D4A91FC,3
10A367BB87EB,2
10AC7944DC4A,0
10BE9BFD7D41,0
10D0BBF44479,2
10D2D1173D36,0
10D3A9E5E79E,1
10D5A47D0859,3
10D60ACB3E5D,2
10DA9316D02D,1
10DF0ACB336C,2
10E11F30F47C,0
10ECA491D66C,0
10F5D7C3719C,3
112AA24D20BC,3
113436EC45E2,1
113B1543C433,0
11402548A471,3
11598C88FBA4,1
1170D6863F27,3
11DD0B26B584,3
11E5C01714C5,0
11E9348F5072,3
1202062A4FA5,1
1204D17C682A,2
120FE0B76D5C,0
1214E4605B0C,0
1247CB034EF7,3
125C1167A84A,0
125CD13D5FA4,2
125E7C6E0D31,1
126555810C31,3
1271A68BDC00,3
1274667FF6E3,2
12796C5A0480,2
128161F8B117,2
12920189F7BB,1
12CA89146E91,1
12E3D52345C6,1
12F2BF34883F,2
12F89E196E97,1
12FE853D6B88,3
1300AD075785,0
130CA439835B,2
13450D581EC9,0
1348668DF845,0
134937CE445C,1
13578C0BCC3C,3
136B3124BE79,3
136F4548CFD0,0
13A94BBE2B24,2
13AB4CC7F80F,0
13C400DD9794,2
13D960FD28CD,1
13E1CB9819CB,3
13FDCF58A955,3
14409A305AB3,2
144671E445D0,1
1451EA314B8A,3
14AC534FFE42,2
14CC79B9F334,1
14D2867090F2,2
14ED79D68BC4,3
14EE006078C4,2
150C42083D49,0
15125AF6CB82,3
1535E922B3AA,2
153C3543E432,3
15847C58ED47,0
1590895B2332,2
1594F1B5DED6,3
15968BD9B40A,2
15AC952FFBC1,0
15B68B826F8D,3
15BD3759DC85,2
15BDA0989B56,0
15D10C4DBA29,2
15F6B5C6229A,1
15FD5B635B50,0
16005A45A20A,1
161779A176BD,3
161E5C8A6719,1
161F2D351A92,0
163A54729CAA,0
163AC455E1DF,1
1649A2246587,0
164D6D056A48,1
168958FC7315,2
168C858F93A3,0
16B45E8AA9F3,3
16B9EB49892E,0
16C3B49CFB43,3
16C794A0F479,0
16DA6810DEF3,2
16DEF72E220A,0
1703E46B4DC9,3
17085E68BA88,2
171E655CC8F1,3
1721F085F81E,3
17230E94E6CF,2
172C8C3F5976,0
172F67E7FBBC,3
1736153EF81F,2
174C4761FEA2,2
1767698C3969,1
17D51D57629D,1
17E1D83B4708,0
17E521D5F29C,2
1829D6D139C2,2
1846CE5F244D,2
1849B89A02D6,2
185E2F7317F2,1
188FE8830590,2
18D47A791678,2
18EA27A2E333,1
18FDAA0BF6A2,1
1928846BB272,1
192D02CF8C9E,0
194E86ED4117,3
196096A1C048,2
196EE083F6D0,3
197F95A99618,0
19864CA2672E,0
198F2ABF2971,3
19D55405175F,1
19DDF17CA4DC,3
1A039B3091BA,0
1A17F32415FD,0
1A2894059051,1
1A2895AB84D7,3
1A3D750157B1,3
1A469EB86263,2
1A56FC79C084,3
1AA55FB101FD,3
1AD12415C4DB,0
1AE2E7D8DFA3,0
1B056DE0E856,0
1B2274161889,2
1B4C8AD95EB5,0
1B622A28EDD9,2
1B7B007D6E1C,1
1B981E7E59C5,3
1BA1FD29BF69,0
1BAD681F72CB,3
1BC40A063549,2
1BD023792E29,3
1BE17E2DA549,1
1BE638E9C951,1
1BEADE7B4160,1
1C0E34879BB0,0
1C17939C40A7,2
1C1E049AB15F,0
1C2665B95694,3
1C31DA60C28D,0
1C65B8D20F73,3
1C911B0C2A2D,1
1CB9668F242D,3
1CC7C3E50765,2
1CE5DBCEF2CE,2
1CF3776F970D,1
1CFAD2A1BC00,0
1CFAD594A087,1
1D1C40F5718C,1
1D2C46F51793,1
1D31AE0453BC,2
1D327ADD95AA,3
1D47271C213D,1
1D75D76AC202,3
1D82FAFE677B,2
1D8BDC81DE2C,3
1D944BF5BE87,0
1DB195AA7BE3,0
1DDA34D8E4D3,1
1DDC2D1DB4EE,3
1DE0E7C48DF0,2
1DFACB5D0C9E,2
1DFAE221EE14,2
1E11EA73C7B3,3
1E176F592611,1
1E2B10DC7A53,2
1E492FE5045A,1
1E4E4216EB39,0
1E6F7CF7470E,1
1E7CF4875ED5,3
1E8ABB190763,0
1EB4D8BFB732,1
1EEA95D39409,1
1F0A461A2589,0
1F217579A773,1
1F28812EE23D,3
1F3620A2965E,1
1F4961D46D29,1
1F50675D8683,0
1F7FD80F4396,1
1F9C0492FB8A,0
1FAC31F5C8DC,0
1FACF7E8D0A7,3
1FB89CF59E5B,2
1FB9B9E08786,1
1FC46D4B9D8C,2
1FE3EE0E16A8,0
2003BF2E6DD0,1
200671752EE0,2
2010889A6522,3
202C217E354A,3
205069BE2E53,2
205D590BCBB1,2
206522E53696,2
2082C42A8F43,3
209A6BC99DB9,2
20A2147B6DB8,3
20A42E81AC2B,3
20AA145EB328,0
20BC5CCE8C64,3
20CF9410DC4A,2
20E194B18D0E,2
20E2B07931F3,1
20FB731C7598,3
2116231D1DC4,0
211699D25472,1
214EC21D1403,1
21535555126A,1
2157AE4AFAA6,2
21737947650E,3
21741500885B,1
2175BC2F7C2C,1
21884C3DC96A,1
219A0A3B6B5D,3
21B100A503DC,1
21EFAE02832D,2
21F8069EC7F7,1
21FB103CCBBF,0
221BA383246D,1
222D14189E1F,1
223FCA37F79D,0
2265CC4410DE,0
227569D39F6D,1
2286BCFF86EB,1
2299FA736E92,3
22BF4720FB84,1
22CFD6C961E3,3
22D02123C65D,0
22E55C32A973,2
22F16C83DE10,1
22F571F54234,1
22FDAB421C71,0
2327EC67A339,0
232A59426B1E,0
234F1BA430B7,2
2358C2CE9966,0
2379CD1725FE,1
23958A3106EA,3
239A72DE1E35,3
23B40A807A4E,1
23D5BA721F52,3
23F0ABEF8370,0
23FC0A3DF4C9,0
24050FFA49AE,2
244973AE9715,3
245B5CD11772,1
24615FD199BE,2
248407B5DBB2,2
24B8DF4DA85A,1
24C508ED6FE2,1
24C654C85C1F,2
24DAF94F0A18,3
24E7F271035B,0
25130AAA9552,2
25248BD3EEC2,2
253108CDC69F,1
2538542762C0,3
253B2D521F14,3
25518B329285,0
25597135F582,2
2567C158F746,0
2568B64DB374,2
257D0126F271,0
2580A540719C,3
25BFA95D04DE,3
25BFEA75C65A,1
25F1B2374A32,2
25FA30699A04,3
2623A90F72B9,0
2637F9BEE7D3,0
263A29FC4FB1,3
263C2C01BC08,1
265FCDBBF0C1,0
2675A97C2B76,1
26788FA4ED04,0
269026CFBEC9,3
269101ABF266,2
26D32FF6313F,2
26E2AD762E9B,3
26EA99485576,3
2716F5E20A4F,2
2723DB12AC00,2
272CA21BAE13,0
277A95AC0190,2
278DE0BFACBF,3
279245CFCCF4,3
27B8304D6E89,2
27D80E5F87B1,0
27E725D251A8,1
27FC2D31B704,3
280F4A13DE2B,1
281AB73DF311,2
2844FD2BF83B,3
28494A144B1A,0
2855CD45984F,1
28639BE05BB7,2
28661F47D728,2
286FE6743E88,1
287BE4F26530,3
28930E0B8820,2
28C8F048A469,0
28FF89DC3B40,0
2909EE180A2A,2
292E635496C4,1
293A93F037A7,3
2940713292A0,2
294C41270CAB,1
296B1DD1E251,2
297ABDDBAA92,3
298969937643,1
29905A8482BC,3
29B364A33B4E,3
29BB45AA907C,0
29BEFF0B3FA0,2
29E1FB4B1D42,0
29FCF6DFFFFC,1
2A18E2265D9E,0
2A2AE5FB899F,0
2A4B5673EBAC,0
2A60299D5D14,0
2A6F8A794455,0
2A7997AE8E72,1
2A96CE614119,0
2A9FC8634742,3
2AAA5F2F5270,3
2AC1514AB3B0,3
2ACDFF7FCAAA,0
2ACFD4F32565,2
2B015051803E,0
2B0888CD4C15,1
2B3CB2A6D7D0,0
2B4AB39B1C76,0
2B621C2F0716,0
2B62F285FD21,0
2B66CE2870AD,2
2B69ADAD868C,3
2B6BA642E4F5,3
2B6FE734CB4E,2
2B9C5C3BB7B9,3
2B9FE67B7465,3
2BA422F3619F,1
2BAF09F7004D,0
2BAFBD6D9755,3
2BE11993FB5F,3
2BE976C99FDF,2
2BFB0A8F50E1,0
2C0F002E8882,0
2C34CE94B837,2
2C38B62420C3,3
2C4DE9FD3734,2
2C58AE2BD566,3
2C681168A674,2
2C76B87A843F,0
2C7750B811F3,3
2C7A6E04F7D0,1
2C8802241F51,2
2C94D8BCF2F9,1
2C9EA803FF3A,2
2CAAF1F40F49,3
2CD73298526F,2
2CDDE76979DD,2
2D0A261453D0,1
2D194F068B93,2
2D3E794C5206,1
2D508127DEF1,3
2D5A9BEEB30D,2
2D63639F997F,0
2D6FA4DEBFD6,1
2D8464A3BD5B,1
2D940E7F240C,0
2DAA07621328,2
2DDFC0DFC442,3
2DE38160D46B,3
2DFC9CC1793A,1
2E043F67934C,0
2E3FC44757FB,0
2E5A3E5FD179,2
2E6495FC2C72,2
2E8A8C550F8D,1
2E8C8C439D36,0
2E98035B8362,1
2EA9DA7AAD2C,0
2EB94A444839,3
2EBC2F60AAE9,3
2EC0647293F6,0
2EEB160A4BD1,0
2EEEE9C5E227,1
2EF984473EC5,0
2F10C8035FEA,0
2F268BE28055,0
2F3210D23414,2
2F3E35DA88B0,2
2F56C4AD3F46,3
2F7B0CE01B4B,1
2F81111E7831,2
2F93B934ED27,1
2FE31DD4FD98,0
3012637E06B5,3
301A4BFAE56A,2
305EFA6DBBBF,1
306796D0279E,3
307D618AF467,0
30A7E68EFC88,1
30B9B18CCCC2,3
30DDC17D2986,3
30FE0B8168BE,1
310CDA45739E,0
3134FDB9DB86,3
3137C16C109D,0
31490B1FA765,0
314E6ED40C6A,1
31B604C7D90F,1
31D67F9A82BA,2
31EEF9A4A29B,2
32380C91070A,2
323F5DADC975,1
325B2F7BB3B1,2
327AAC23CF5D,2
327EB11122D0,1
327F36243259,3
327F4BCC9E4B,2
32A1DC59F4EF,1
32B2D5592E1D,0
32E2949B0C66,0
331103D7D5CF,3
33113B7D1125,3
331760E7A5CB,3
331D60E145C4,1
332F7B4392BA,1
33ADAAB38BFC,1
33AF50FB5ED9,0
33CC5A37AC8C,2
33CCEE3933ED,2
33CFC6838E04,1
33DEFCDAD05F,0
33E25E6A8028,3
33E7F1C7E399,2
33F18D5D8867,3
340BCFE7E249,1
3418CB8125B3,0
34317A7F1262,2
3438C0C5ACEA,0
343A80DD6FB3,2
344D7B1A7E49,1
34553E598A00,3
346D75CE413A,3
346E77F08903,0
34716B652420,2
3498E7E2DAB6,0
349FF2E7D179,3
34A066E69905,3
34AC1808D15A,1
34C829F3DC6A,1
34D76C62269C,2
34E4FB64EEBA,0
34E9C436DECE,0
34F016931102,0
352F0193E251,2
3550660EE2EC,2
3564BBEC4A09,0
3567E4ED2023,1
35954693FE8E,2
35A1342EF397,1
35A7E263AC71,3
35C5C7E2BB5E,2
35CF1B2B1326,0
35D43561EE62,2
35D50C79C5CB,3
35D983476332,1
35E552843ADF,1
36035C063AB3,0
363295DC545F,3
3651697D855B,2
36677FE57D6B,3
367781F47105,3
3691B4714FD5,2
36A5035117B4,0
36A74F4F050A,3
36B2E183713B,2
36BBFBB5EA41,0
36F66596E3B7,3
371739A95793,2
37193A72B5D2,3
3741D275F8BC,1
374CF6E834A5,2
375ABFC3D6F5,0
3766B7A3A5E0,2
37A8D06A04AC,3
37D67E614E05,1
37DD80EFE4D4,0
380164B1BAB5,0
3814F9116CD1,1
3816B67C0B31,0
38203808F81B,0
3821238FE334,2
38452CB371C9,2
386C2A01AD9D,1
387857083AAE,1
389752B5BECF,1
3898358B58BB,3
38AB1DF25E7F,2
38B60A8516C2,1
38CADC812CBA,3
38DF7BD353A9,0
38EE843B5CD1,2
38FA6185D43F,0
3904D0B954A3,0
392BCD798D37,2
39492CE9549E,1
394F5867B7EC,2
395189B8B76B,0
39524C93F4D4,0
39776B3A4C70,1
3991A6F647D3,3
39929B24673E,1
39B3FC0EAE2A,2
39B6454376C8,2
39BB85E5CB5A,3
39E0A362CF29,2
39F27C7223DB,2
39F578D9212E,3
3A2DBB1E0556,3
3A38B9DD6723,1
3A71C888CE45,0
3A94013B23DD,1
3A9630FC8DFA,1
3ACDDFC9DD0C,3
3AD5BFDC11E4,0
3ADC97CB1DB6,0
3AFA78FFFC15,2
3B2DADB10DCA,0
3B355996A407,2
3B6893E9CA71,0
3B81809AA132,3
3B851F58BCDC,0
3B8E36166444,0
3B93AE972238,0
3BD4B53512BD,3
3BDF36560245,3
3BE469553D75,2
3BEF322748A1,0
3BFECA0F8470,0
3C2AFBFEDA6B,2
3C487F5D1994,3
3C56844D4CF0,3
3C693CBFEFB5,0
3C78D0790E7B,2
3CACE02FBD5C,0
3CD660D1E7BB,2
3CDCFB2C7F25,2
3CDD56FF3477,2
3CED6DDF77BE,1
3D29C845934D,0
3D3C80EF2AAA,0
3D4475C949C2,1
3D72844EC5B0,0
3D739817CC30,3
3D8CF58944E1,3
3DAC64829E27,3
3DB503D247B3,1
3DC3405DF531,3
3DC539E4E871,2
3DCF3E6F4A13,0
3DE204C5895E,1
3DFE1FE3FCE8,1
3E156DCB07C7,0
3E170458E9A1,3
3E1A0BAC4372,1
3E4B70F8555C,0
3E500A5390C1,0
3E607F7C98ED,2
3E6C6F1FE64D,0
3E750EB9F5C5,0
3E7DE9C1C160,0
3E9A664FFD33,0
3E9DF0451049,1
3EA2BA9DAB33,2
3EC60741B7BF,2
3EEB66F3630C,2
3EEEF86719CD,0
3F1E511E2E1E,2
3F1ED9A56002,2
3F20E4B1AA0D,0
3F2941C11D95,3
3F30E7FDE6F1,0
3F3DC123EDF6,1
3F4A9ACFEDFB,0
3F4D8262235A,1
3F645E7A81DB,0
3F722ACC887E,1
3F80F96A6F5A,2
3F908BB271AA,2
3FC8F9902F11,2
3FD4C280E4EF,2
3FE7AF072783,0
4000ADB040FE,0
4002D91C6B6C,1
400E5AA27067,0
4025349AD977,0
402843726F3B,2
402CAB074577,1
4032ED0063E4,3
40331978F344,1
40467A05CC2A,3
405CEC6E7F5D,0
40788D50B102,3
408A7D3D2EEC,0
40AA29D2F32B,0
40AF66A621E0,2
40C0290A53F1,2
40DB9B4FC90A,0
40DD3FF566D8,2
40E6BC53EC01,1
410957337087,0
410D72D3CCE8,2
410E1DE75773,0
4148186C6D84,3
41641B53F554,0
41A2385450D9,1
41BB825BAEBB,2
41D5C14587DA,1
41D9E5A1342B,1
41D9F5D10332,0
41DF6D292056,1
41EAC230D430,2
41F8A61B0BB8,1
420269F2DE40,2
421FA3CBFD5C,1
4228BAB7F096,3
423B413192FA,0
424005E31A04,2
4248882EDCCC,1
4256A9A1767F,2
42587039161D,3
4288F88C8D15,1
42AD5E1F4167,0
42BF43BF8DBE,0
42DB5DABA590,2
42F8715D04A3,0
430762044028,3
4351657CEC2F,3
43533F92E05B,3
4353BF70C4A3,3
436450E48EC8,1
437B5914340E,2
43AE9E4D0EFC,1
43B0E1211D58,1
43EE2C3C7EB5,0
441097905601,0
442CFAE61CC3,0
443AA4F38C8B,3
444D784C5791,2
4462E068017D,1
446CE95CF3F2,2
447221C3FA00,2
4477C08B4960,1
44B06B4A6D7E,2
44BD35E3BD1D,0
44C1594D0950,1
44D395C2AD83,0
44D6EEDAE5BD,2
44DCCF637033,1
44E2726DA1B3,0
450A7F9AC54A,1
451321E506A6,0
451A840C382E,2
451E8369BB76,1
45291197F292,2
453ACA22D3B4,0
453F18C3C8BD,1
45697CF2448C,1
457A4416559B,1
4585DE769AE9,2
45A86623B659,1
45DF17CF4937,0
45E5B6DE09E9,1
45E9622CF8F7,3
4608287E9B30,1
462769ABDD5B,2
462832DCD932,2
46302B93EF09,1
46484B622DF0,3
4665A1D77D6C,0
4668B9F74078,0
46977B27324C,1
46AD88A6F157,0
46BB96D9BC9B,0
46D16CB314CD,1
46E550A148DF,3
46EC00DDBCF9,1
46EF1F716C52,1
47006CCC27EC,3
470D092F3831,2
471BD41D6BA9,2
471C6119911D,0
47261D6E0F08,2
473FF163E44A,3
4744A861D13F,1
47470951BBDB,3
474D243CD03A,1
4751F39ECBC5,3
4758405809B3,1
475AAF4D130E,2
477B00F899E2,0
47DD29AF666C,0
4800E073664A,1
480C577BC8C9,2
4810EA26495B,3
48292985CC59,2
483EE18C996B,2
4843C41AAF24,0
4844CF56336D,0
4861FFA6F6CE,3
48837626943D,0
48940AA0656E,3
48AC182E4ADC,3
48ADCBFC8376,3
48BBB107A05C,0
48EA282A4EAF,1
48F7FCAD8B23,1
4906FE42D823,3
49096A420708,3
491FA41A1499,1
495A94390744,1
49605B65EA8D,0
49619EA08A55,1
4967076F4E7F,0
49718724CB84,2
4975FA2ABC9D,1
49C5BCE4CD28,0
49CBF98C0292,1
49D2A80F1484,0
49DA281C7585,0
49E2BDE820BD,1
49E375E8CA7B,0
49F54A35F6F3,3
4A38761A2CBB,0
4A4B45273A9D,0
4A87CFC37238,1
4A8E42EE9569,1
4A9DB943D7D5,3
4AAD1243DE3D,2
4ABC0ED00F91,1
4AC16314867E,1
4ACFA2D3D0A1,0
4AF3A09B2EF7,2
4B0CF2CFCB4A,0
4B0F6070B45A,0
4B174612FD60,2
4B4A48BAED30,3
4B6DF39107CC,1
4B907938595D,2
4B957C430005,0
4BA9296EBE9F,3
4BBB3BA80E0E,3
4BBBDC46A47C,3
4BE3F5DCD6C9,1
4BF17A253013,0
4BFB5768916D,1
4C0ECF107EC5,3
4C17DB6FF2DC,0
4C1C3000E7C6,1
4C3AFB55C4F7,1
4C60445C5681,1
4C6B05BD5A81,3
4CB5C9A9AD5A,3
4CB787139508,3
4CFAF19AF547,1
4D23A7FA9408,2
4D35A86F4929,0
4D377B163021,1
4D3C1E2D2E03,2
4D3CF318797A,3
4D65BE0B15B8,0
4D7E52C79A3D,1
4D816E688FBD,1
4DAACF629E7F,3
4DB99E2F46E3,1
4DBC5B5272FF,3
4DBF966A37CA,2
4DCA7736B00C,1
4DD1ED4D20D2,0
4E0094B179E0,2
4E0F689E099B,0
4E0FDE02216A,1
4E13812BC1ED,0
4E1C62576A76,0
4E22E3143561,0
4E29345CF8A9,0
4E443B00DBFA,2
4E59508F6D0B,0
4E7DD441DAC8,3
4E81E4116D94,3
4E8ED336CF7E,0
4E91C3BA11D0,1
4EB117877F23,0
4EB4E8611272,2
4ED1965FD68F,0
4EE0B81B9133,1
4EECC9B3CF7F,3
4F158CCF45AC,3
4F22FF7F59A0,2
4F35BA561593,1
4F5775B0B88D,3
4F6A4668D513,2
4F75DF4CEBE9,3
4F7F24918F42,1
4F89EB8CB97F,1
4F98619F7A18,3
4FA6CCB0D1BA,1
4FCEF99DE6F0,0
4FD4CE18CCDF,3
4FD5B8B612C6,3
4FE6EABBFC00,1
4FFF2AD2EAE8,3
503960784148,0
50419253BA19,2
5056C7637313,3
50611B996992,2
5061F044BC43,3
506A69171959,0
5077C09B20DC,3
508A9EC12C44,0
5098F28A2EF3,0
50E361CD561E,2
510CA49B78BB,3
5132328226C2,2
515244292F97,0
516E5D64BF6E,1
519A1A92C8C8,1
51BAD5699073,1
51C93A7260DE,0
51CE1DCC5307,2
51DA4BA94C7C,2
51DD6A82BD9D,3
51E3EAF96CD0,2
520EAF052C7E,1
52105DDA12EB,1
523130079501,1
5241864FBC48,3
524CD617574D,2
525E9A75CAA0,0
526E417A97BD,1
529A633179FF,0
52A8DE60E2D4,1
52AD70C9FE05,3
52B24BAEDC8C,0
52D0FED6AF38,2
52DC3B7C3952,0
52F0677ACD21,2
52F9582F9C86,3
52FEF34F4AC7,0
532528134425,1
5335796068E8,3
5355F44A1FE4,0
535D427F9FF9,1
53607F113053,0
53633B5F5F15,3
5384378F1AC2,3
53CF6D801CAF,1
53D17839AAC0,3
53E542321463,3
54099C3AE7CE,1
54304ACFE477,1
545E9BF477C1,3
548EC5B339E3,2
5494132B7229,3
54AC60510DC3,0
54D835ADB326,1
550D53DE2832,3
55174E1DFC5B,3
5564D9D8C845,0
5574E4DD548A,1
558B9106B99B,1
558C7F83201B,3
559902F0A513,2
55AEC9A9BB4C,3
55C7EC027A88,2
56053054CB1F,1
56080A912BB5,2
5630E056A0DB,1
56579FB8A60B,3
5666CD4AA5CD,1
56AC4BE71C2F,2
56C4259AA5C2,1
56E188D44884,0
56E32CEEB127,2
56F9E8427D97,0
5704CCBC8B55,0
570595740274,2
573E39E45177,3
5754104B2928,0
579603CA894B,2
57A6B1103088,2
57A750437C3A,3
57B782277D2F,1
57D4C53890E6,1
57DFE525E50A,1
57E8161AEF27,2
57ED5BC70E40,2
5807D5F42CEB,2
58255BF759C0,3
5828FAC247DF,3
583DC3D2E7FC,1
584A4BB1E954,0
584C6453CA5A,2
58567312BDAB,0
588B09153941,0
589CEB00ED37,2
58A9AE90D009,3
58E485E875D5,1
58EBDB3621E5,2
58EF6CAF956B,0
58F6D70A2DC7,3
5902C2E86345,1
5902D762C891,2
591164D3C800,3
5915757AEE1A,2
591B7E3E2B40,3
5923F6631724,2
593E2802E27C,2
597618D3F66C,3
597D76A3BF40,3
5985EA6F171A,1
598C1E9B27C8,1
599128B82FF0,2
59981B992996,0
59ADAA4D04E5,2
59CE34172C44,3
59E62F702421,2
5A3B42349C84,0
5A74C94F9813,0
5A89482533D9,2
5A8CC59C2D7D,1
5A977087E7E8,1
5A9C20C851FD,1
5AA45740A848,0
5AAD796F4D6B,1
5AC16E188F1B,1
5AC1AB0965F6,1
5ADD410B9783,3
5AEAF1C7B87C,3
5AFBB5573AB3,3
5B0E80E62A8C,1
5B14D81A0167,1
5B2FC963E89D,0
5B40AA0E6C2B,1
5BE99F2E4030,3
5BF6D0C37809,3
5BF7AAC78AB5,0
5C017EF0CF1E,0
5C05D79FE75A,2
5C2A497012B9,2
5C31B4B9B185,2
5C3757B0C6AE,3
5C3A7990C870,1
5C656CD57F67,3
5C69070E1E48,1
5C6CE74DEBCB,3
5C72AB0B1232,1
5C764A810680,1
5C9B1FB411EB,2
5CA2DCC616C6,0
5CAA840DD4C6,0
5CB186BF742C,3
5CF895003869,2
5D12067722AD,1
5D2B8506EC4F,1
5D4D6519DF94,3
5D5672D7C97D,1
5D693DD9978D,1
5D742A0E0623,3
5D7D1445A7CF,2
5D843D1CD37D,0
5DA3135B6664,2
5DB370AD8EFB,2
5DD1954E47A8,3
5DEDECE96044,1
5E3EA4C47C9A,2
5E49CEB56FB3,3
5E830B6462DB,2
5EA0A8768F94,1
5EA71157D48F,2
5EA76942F5C7,1
5EAC31CA561A,3
5EB7A0B134B4,1
5EC5534F533A,0
5EE526AB840B,1
5EF21F142C51,1
5EFD8FA4133A,0
5EFF1BA0FBC1,3
5F1183463E9D,1
5F370D929BA7,3
5F407964AF46,2
5F467A8F3896,1
5F4D9997A207,3
5F5E1817CCA0,1
5F679622B317,1
5F67A5D3DBB0,1
5F8195FBA0CA,3
5F88187C25B8,1
5F8F76B7A6FD,1
5F998012DDCD,1
5FBDFD6DB173,1
5FC3C342E64E,3
5FC620AEDC8B,3
5FE4F223CEA8,0
5FEB3F213A84,0
5FFB959ED7BA,2
6013DA298542,3
602E786321EA,2
603863409B06,2
604E0EA00305,3
605BF3B67175,0
605C1B4CE788,1
605DDF3EA948,2
6060D28C05B6,2
60623DB5DE7A,1
607A39D981DE,3
60ACDFA1609E,3
60AE13D3F07B,3
60AEEA05E1A9,1
60CCF0F2DF38,1
60D8EB883A45,0
60D9DD69CE8D,0
60E686BA1E09,0
60E9300D597C,3
60ED0B48B8F2,3
60FD2E2FB768,3
610FA0016255,1
6130E5495CB1,3
6134797D8497,3
6141DB282925,2
61445D1ABF16,1
61471CA2532D,3
615FAEE4F8EF,0
616C3D5795E8,0
6186246910E1,3
61992F84D5D1,1
61B9D7E74839,2
61C4FCA012D7,0
61D13513C992,3
61E85C09E36D,1
62102D1B1A52,1
62196AC0ABE8,3
62243789233B,2
622ECD91DA0C,3
623B7BD7613C,0
623E0AD2EF3E,0
6253F73FBABF,3
62654020C48D,2
6269A525D482,0
62B3C9C3398E,2
62DCD859B7FB,3
62E5030D1A59,0
62EA3F855DB2,0
62EDBC22A953,1
62F578BA97ED,1
62F7911DE51F,3
6305A432AB38,3
631F9CBDFD7A,0
6330EB716872,2
63314DE11287,3
638D7F913AAB,1
63AB55DADABF,1
63AB7F39EBC6,0
63BAE4B3ADDA,0
63C74FF7DB27,2
63E2278271E4,2
6418C102917D,2
6422237D967F,3
642CB997325C,1
642E44E8DD25,1
648D40256ADB,2
649C7912163C,0
64A8183557F7,0
64A9ECB1C55A,0
64AE19BBA321,3
64B53DEF0467,1
64EB91C84A32,3
65051CE36DA7,3
65131EC5DD6A,3
6515E6AFD11E,3
6521895BA018,0
6531927DF837,1
653620381DB3,3
654DF9ECDD42,0
65593BCE26BF,0
655BD307F87D,3
6574B5B58A11,3
6586DF43A92D,2
65975436BE5C,1
65B1F548E8BE,0
65B7FDE783F2,3
65CC82C9B3C9,0
65DBDD75CA50,3
66133AC6189A,1
66241AEC8351,1
66288718AF60,3
6642E181B08D,0
6686DB25FBD0,3
66C2FA45A48B,0
66F03584BCA5,1
66F7AD6B99E2,0
66F8D7FB98BE,0
66FF0907BF26,3
6712BD512DB7,0
674F5DA988D2,1
6751442A85E4,2
676A161C4CEE,0
6792C2E73B6A,2
67D58F9FA53C,0
67D7FC66C2F6,1
67DD73D48474,1
67E711AF87A2,3
67F6FEDD7677,1
68004683BC3C,3
6805FE96E548,3
681B9CD21B07,2
68256AC96C72,3
682B94FF269B,1
68392F53B9D7,2
683A4FE3661C,1
684166ED2438,3
685ABA004ADB,2
6867A6767D25,1
68685615FE0C,2
6886DF2A98BE,0
68E75FD12673,2
690713606EEF,2
6907AC535720,2
692357D5F3F0,1
69241D10E69A,0
692FAA1828D2,2
6932E62C6338,1
694C96A1E9A0,3
696B864AED8C,2
698A3F2B43B9,1
69A8A08ED3E9,0
69C15737269C,2
69C237AC88FF,1
69FD256DCE38,1
69FF884BCEA1,0
6A00BED6B62D,1
6A0DE6BCFA73,1
6A47B80F3283,1
6A4F483B0224,0
6A7F75AD2ADE,3
6A9031A05632,0
6A977849DE08,2
6AB122D640E1,1
6AB2B78CE0AF,1
6ACB38C6577C,3
6B20E9C115AF,0
6B2FD789B8C8,3
6B370155C425,2
6B3A8DAB21EB,0
6B3B3CB54EB9,2
6B425FA21020,1
6B479AF72202,2
6B56C630FFC5,1
6B850987631D,2
6B8C02811FF6,0
6BB4BEB51A80,1
6BC83A3F4934,2
6BDF73E50719,0
6BE1E93612AE,0
6BEE2EEEDD39,1
6BFDA0FE1CB2,0
6C045F130B28,2
6C16FC9FE7A4,3
6C1913BE2903,3
6C3B373B84C2,3
6C449C1EDB2D,3
6C6B01577E01,2
6C802D3F5F2A,3
6C86103B510D,2
6C98327DA084,0
6C991A1A6C39,2
6C9BFD05D35D,1
6CA2ADCE9A7F,2
6CB31DED1BF0,3
6CB7C1B3C548,0
6CD1B8B6BEA8,1
6CD851AF4D16,0
6CDE42A3FA9F,0
6CE97E45BF79,2
6CFD58799701,1
6D06DAD5446C,2
6D104CA14B33,0
6D114CB7EBB3,2
6D21E6095A62,1
6D2AFE5412CB,0
6D41FAC8F3CF,0
6D6E937C3A67,1
6D728858E86F,3
6D7377CA8608,3
6D8B9B8431A6,2
6D9728CB8711,3
6DA4157C9B4F,0
6DB65C457200,1
6DFD772CFC64,1
6E248B1F33B0,1
6E3D46F9AAE1,1
6E5F280580C4,1
6E70CECCE25D,1
6E71B040D5C6,0
6E842F21D6E4,1
6E90DC70B7A9,0
6EA18B20DA5A,2
6EB1681A5880,1
6EE4A9C8F158,0
6EF7CBB46501,1
6EF996C09864,2
6F0330A6C504,3
6F30733E6B4B,2
6F3C318ED62E,2
6F9741277AB3,3
6FDAD6124B9E,1
6FEF6D46714D,3
70041E13A0CC,3
7007EB8E265D,2
7033DB6BA12E,1
7065B172D758,2
709156BCF733,2
70996505E3B0,1
70B91D253E27,3
70D93EF3CE5F,3
70E490A83717,3
7101C080C12C,3
71129FE0D18F,0
71131D46F019,3
7138786DA45C,1
7155F142CE58,2
71A9098715EB,3
71B72E8890F1,2
71BA665B1B31,3
71F12F9F01DE,3
71F1B96A18BB,1
71F27422C5FC,2
7203112033A1,3
72095D288A5B,1
722C353F2831,3
7231635A63C8,1
7248792ECAC9,3
72635AF44FA7,1
7270750C775E,3
72732FD01203,1
72765D1D4721,0
72766FE38307,3
727DEC0706F0,1
728AD690E87F,0
72913948CDAA,1
72A69C1B34A8,3
72C0B0B91BFC,2
7302457525D4,0
73038C17880E,2
73234AB62383,0
732952FF57F2,0
7333B4549006,1
7369FE94C1C6,2
736B285BF88B,1
736E8C8444E6,0
7370AB0DDC7F,1
7373B4F44528,3
738112C600B8,1
7382F8B16AAF,3
73851AC4551C,3
73930228893B,0
739B9009D8D2,0
73A997703BC3,2
73D2B941F40F,2
73D5C8D99F72,1
73D69658CF95,2
73DF8CA712BB,2
73F2515B5BCE,2
7445CD7E0985,2
745F880CEFA7,2
746A0BFABA84,2
747E3560442E,3
749E089D7992,1
74CDAF3BB9EF,2
74CE2F003968,1
74D9504A6EDD,1
74E468FCE398,1
74FF4379012C,1
750184492A96,0
750AFA674F45,3
753391D5E480,2
753E320B186B,0
7545AC12D178,3
75707305C76D,3
757C5E55BA96,1
759E0659FF69,2
75A20F93C2C4,3
75AA6229A116,0
75B44E3CE6DD,1
75C950F8EA18,3
75D13F3E0B2E,1
75DAA54880C1,2
7600F1C7D884,0
760988C4BA3B,3
761E2670197E,2
762839543BFC,3
763EF698F56B,3
7658C61156C7,2
767533E12569,3
767920BDAD93,3
7680EF5AD3CB,3
768FA278A16D,3
76C0FD26B20A,0
76C2E20AF20E,0
76E5D0DEC30A,1
76F0144EB703,3
76FB58BB4BD7,2
770541C6A2C1,2
770E1717845C,3
7726A1F9C660,0
772D27D400BB,0
7740DF009E10,3
776FBF88E6FF,1
777CB894A285,0
777E845C3A93,2
777F0E16E55E,0
7797541CF0A6,3
77A31D0A07A8,3
77B932D27C9E,2
77BB33DB5187,0
77BD30EC277D,2
77D210B9EC7E,3
77D5466305CB,1
77FAA33476CA,3
78018FB48420,1
780D5663CB1E,1
7820048B53C8,0
782678016796,2
78303F7A5AB0,3
7835355C55D8,1
784627BD990C,0
785DBAB78957,1
7862D2AE5697,3
78704F723AE5,0
78A3B43DFF8E,1
78B6F383CD30,1
78B89BF70AE8,3
78C22313F58E,0
78DD2317E359,2
78E692CD7085,2
78E8970D0C13,2
78EA0C3715FE,0
7907952E04B8,3
790891A35047,3
79098D096CB8,1
791AF7B78178,2
7921F1381801,2
79484682B23E,0
7949A941BF0F,3
79662DEC0A1B,3
79786E273D1A,3
7982F5F494E2,3
7999A063F80E,2
79AC659EC790,0
79BE4A2D8223,3
79D634E4575F,1
79F917A8CFEC,3
79F961AE9A04,2
7A0A80926A0D,3
7A239E4D1966,3
7A25BCF70487,0
7A552DBA7D71,3
7A6599531E9C,2
7A66900A3812,2
7A68E1FB7863,0
7A7660BBEE86,1
7A7D7BC53938,3
7A89CCBBD747,0
7AAE019F70D6,3
7AB87BA4342F,3
7ABD75EA7CBC,2
7AC357DAA5D7,0
7AC5AC48813D,3
7ACF284A8B7C,2
7AF7DC456D3C,3
7B00EEFA1313,0
7B0430EDACBA,2
7B0C76128726,1
7B1B2E8F7E89,2
7B2B2910BB90,1
7B38A110CC94,2
7B4B838D8360,1
7B557B2F27CE,2
7B5BC2343286,0
7B5F5B33B566,2
7B6FA03518AE,2
7B802407D629,1
7B8400D217C1,1
7BBB35F9D1BD,3
7BC73C8FBDBC,3
7C08DA95AE9A,3
7C14A6539215,3
7C2650EEA2B6,3
7C31C5E519FF,3
7C4960DF5CB8,2
7C54D7484145,2
7C5E4E2779BF,2
7C6ED140EF65,0
7CAFF57E1775,3
7CB712FD1253,0
7CBB1B6F4E25,1
7CC4A8E1948E,0
7CCC4CDC5CF0,3
7CDB47E88B39,3
7CFA22351B27,1
7D0CE6E00B68,3
7D1825E2F4AD,3
7D2D5053D947,3
7D519DA76B29,1
7D94F809823A,0
7D955FAD0C73,3
7D98C85F9223,2
7DAD3B639FB4,1
7DB5E5FA8324,2
7DBE22D9F0DA,1
7DC02C918305,2
7DDFB0CA2BF8,3
7DDFF6DA8655,1
7E109A7AC169,2
7E29ACA46157,1
7E48A7A7B400,1
7E530A20DA68,3
7E5F489C8CE4,0
7E669FF93EB9,1
7E9D8E4921CD,2
7EA986233EDA,0
7EB7BB90A2F0,3
7EEB8E9614C2,0
7EED34A43536,2
7F0703CF058E,3
7F0B7DDE89B2,0
7F1E8663BAE8,0
7F1F55F771F9,0
7F21F77E9AA3,0
7F336F4B9442,3
7F4706C105DE,2
7F6795CE405C,3
7FB017FAC682,2
7FB1724D76FF,0
7FED050A6D55,3
7FF600C1F829,2
7FF6972B86C2,1
800FE9615C63,0
8042198ABB06,3
8060FCE12001,0
806672A60686,2
8079089BC4D8,0
8087A7C3FCDA,0
80AD3F379BD1,3
80C0814AF16D,0
80C2ED8BE6A6,2
80C97E7C2558,2
80CCEFCCD166,0
80D2FE30F665,2
80DB9AB00E74,3
80DD7EE85BF7,3
80DFF2FC7C1F,0
80E36876B2CB,1
80EF60E3EA04,0
80F044EBC71B,2
80F9E6D6503C,3
81218F777A2F,0
81306D4B4CC1,2
8149E792E505,2
814EE41F6FF3,1
81674F80999A,0
816FC4D1628F,1
81946793B89A,3
81B000BCC5B3,0
81B5D8CBA063,1
81B7A7CB8829,2
81D266D94D6D,2
81FB30DE2618,3
82294A32E3E3,1
822F6C3B3C03,3
824896E8F91B,2
82618B162AAC,3
82722CEBCAB3,3
827D807512AB,3
8281058A7684,2
8283155E54A0,3
8295FC2CA419,2
82BA3E4396CC,3
82CCCAD3BA5B,0
82DE4E49CC52,3
82F7210163B5,0
82F7D233871E,1
82F9FDBD6F98,0
830CCF8E0B23,3
830E5FA9FC72,0
8311ABD30CC1,3
83165647126E,3
833489139971,0
833F25175AFC,2
8369840DE791,1
838093B60075,0
8397368B57EA,3
8399BA1DF44B,1
83B3CD03C693,0
83C48C5697AE,0
83F57096AF9C,1
83FBBD0447F2,0
840357B74A16,0
840619A0CF0B,2
840D73A3804A,3
8415937CA4D9,0
8416C7C6F146,2
84192B65683A,3
845693DC199E,3
8476588805D9,1
84765FE3E472,1
8484D27254B3,0
84CE7281265F,0
84FC9651F650,1
85004BC426B1,3
8521B650F8A9,3
852C90E3FA05,2
856351253492,0
857574FE9711,1
857B7FB712ED,2
85808F0851D8,0
858DFA7A9980,0
8593D649EBE4,3
85C54BD4D416,0
85C71A1E0117,0
85D3E5A1D64E,0
85E3C840FCBF,0
85F4C57672EA,0
85F5FADDDC0E,2
861349CA778E,3
861B660C2E86,3
862ACD748291,3
863550AEB938,0
8656F070846C,1
8658D3ABB67F,3
869B37DA1D3E,0
869CC4EDD3B5,0
86A511A55117,1
86B2AFB816D5,0
86BB790A5875,2
86E335C1EB06,2
86ECF13FEDEF,1
86F87A96D2DB,0
875151F79017,3
87669696162F,0
87692B9A8184,2
87694700310E,2
876B9CDDC1FC,0
876CDA4D152D,1
876DD6D022A9,0
8772F74F5EE0,2
8773AAFA4355,0
8778DE7C8D0E,2
877EC536B112,2
8799E3BD41EB,1
87A8B315A26E,2
87AF2FEABA83,1
87B7C44BBB7C,1
87B7FE5BD9D7,1
87DF9FF7104D,0
87E123466310,1
87E3F6FDAA68,3
88006889B561,0
880188B5EED8,2
882F6EC806E9,0
8836B8EFCE5A,0
883C1EF358F6,1
88402C999412,0
88816FFD8A5C,3
88860671767F,0
888A04678CCA,0
88966ED00A28,0
88ECDCC89475,2
88FCD4D35128,2
88FD25AC86CF,0
88FD7FAAFA90,3
890FAF6F82FC,3
89114CEF532E,0
894C9DC473A0,0
89506A98AC2B,2
895FFC078777,3
89857315A1A4,0
89863E1AF982,3
898A8417D70E,2
89974AB1B1B1,3
89A2B91E59C5,1
89ADE1CC1BEC,2
89C7C4115B84,1
8A0A3FE01FE7,3
8A165723DF82,2
8A216BEDA4C2,1
8A2A9C25B642,0
8A4D99910F10,2
8A6FEEA6C0D3,2
8A7081C962D7,1
8A7299DA28E5,2
8A80B525C75D,2
8A8CC7624410,2
8A970FA9C7C4,2
8A9E12ADD91C,3
8AAC040AE6C7,1
8AB55CB5992E,1
8AD96DB8DD9F,1
8AF043C98622,0
8B095EB24288,2
8B155840CA6D,0
8B1D74DDA04B,3
8B1EB1890F9B,1
8B4A210026AD,2
8B4BB870857D,2
8B9EEF86DD66,2
8BA694ACE2D9,2
8BC2D4B87F27,1
8BCA5D690FB4,2
8BE20A3524AE,0
8BFBF3BB5542,3
8C01B86DE888,3
8C0C5CED34D5,0
8C0D50387A60,0
8C34447FF21C,0
8C3557D720F5,2
8C3993109983,3
8C44127FF83C,3
8C5BF0347F87,2
8C645419E1B4,0
8C83ACEF2A15,1
8C880B194034,1
8CD4C142DCEF,2
8CDBA4104C7E,2
8D02AC12DD48,0
8D0B6FE098F1,0
8D14BC33208D,1
8D160B0BC04B,2
8D1CD79C0F8D,2
8D734AF72931,2
8DA2034EC1C8,2
8DA298718DD7,0
8DBBADC05A43,1
8DCC1AC9A8EA,0
8DD09D4FCD4F,3
8DF5D7CF4085,0
8E10A6D2B272,0
8E10DA6F8DE9,1
8E2EB0B4B92C,1
8E53C7642922,1
8E5E6211E4D6,0
8E64BE4119C3,2
8E6F35BA3EE6,0
8E764A2C7266,2
8E91F0997B77,3
8E99E989024A,3
8EB2AF12FA77,1
8ED2404D111E,0
8EE0540E163D,1
8EEA38B2E6CD,0
8EEEF415AA1E,3
8EF3D97E2310,1
8EF9BE158AD3,2
8F16365E363D,0
8F1F5D0CEA06,0
8F29D9B8D64E,1
8F3B39C509B9,2
8F5F3F2519DA,3
8F6DFE02DF75,3
8F78E9AF1D0E,1
8FD83605AA61,1
8FE04E30F621,0
8FF22F2804A3,0
8FF3A8F178E1,2
8FFDA5B9D359,2
9000217714BE,3
900D1E184F63,2
902341F8EB11,1
90526CA48E47,3
9054912D1EA7,0
907275FA42D0,0
907FC59841EC,3
9086C0A2BF10,0
90978A2F8599,1
90BF447C6E83,2
90C81189C58D,0
90E2214EFEC8,1
90E5BB6CBE11,2
90EBF38FCFBA,1
90F73F20ECF0,2
911DD337DD61,3
91377BE7D4ED,0
9145AB74E1DA,0
9152EA0F430B,3
915D8BF74963,1
916811E780BD,0
918C1880FCD8,3
91B88A23A5E4,2
920BEE439862,1
924748264D34,1
925371DCF84D,1
9255DC307B75,1
925DBAC486E5,0
92B418CEA06E,3
92B8F2F85C44,2
92CD1BD0C18F,3
92D03AB56C53,2
92E97E947628,1
92EA64272FB4,2
92F6C1E71237,3
92F7DD653EFB,1
92FFB3530304,3
930CF711E6B6,3
93385DED39E7,2
93552F3ACA5D,1
93575D076743,2
935A26E2610C,3
9392E2E0AA1E,0
93B8C8DAFE20,1
93BAA0D48EF3,2
93C575DB7931,1
93DF867BE1C5,2
93E62B4919A6,3
93EF5F755313,1
940441D4CF9C,3
94131A88E955,1
941A269CE055,1
946D8B23ECA6,0
948771F795EB,3
94ACF6006DB9,3
94C1C9CD10B7,3
94EC7DF6EA74,2
950729DE3582,0
951DBA563386,1
9523FBA791BE,0
9528CA8FFC22,2
9532BA8E40BA,0
953BEF800163,3
9551DA943B01,1
95540EBC3FC9,0
95671082C3A1,0
959946A3FB03,3
95FD6DF25420,3
960D7C072801,2
9613CEAFE86E,3
9615F113FAA1,0
96220F2863D1,1
963501C88479,1
963AD357A595,1
964E9DBFDBAA,2
9653A4188D80,3
965DC6768854,0
9664D9C4C5F9,2
9685DD18847A,0
96A7646236BF,2
96CCD6C82658,2
96F4AB949807,3
9702AD260172,3
9715AAF5B952,1
97167C9DC677,0
9725E454418F,3
972782BCDEA4,2
9735E542665C,2
973A3ADFAB72,3
973B1ACD7430,3
973B1B44F884,2
97472A5E870A,2
9760A1CB4336,0
976E2E05C4EB,2
97A0FFE91A3E,3
97A27B9801B5,1
97C6E22BA8EE,2
97EF67C73A5E,2
9801CF414927,0
9818D8926288,2
982053C6DAD6,2
98318D414246,3
983D4402B74F,0
985A32A20F03,3
985FC4A0FAE2,1
9860EE12D1B3,3
9872487371ED,2
987A42F72474,0
98823BEE8E85,0
988BFF516FA0,3
98AB65F5C7F9,1
98C692B7B152,3
98CD7819C7EF,2
98D8723E86D0,1
98D8FF9E3C56,1
98DE8992E379,0
98FDB2315471,2
992DB55B9726,1
992ED17DB3CA,2
9947BA6C3149,3
995452515AB0,3
997098762F7E,1
997589EE26E6,0
998DA357F910,3
99961D273689,2
99A3641592CA,1
99A73BEA826C,2
99BA9BABB1A5,0
99CAD0AF3560,2
99E81F82C597,2
99ECAD55ABD3,2
9A0BAE46C6B4,2
9A24CB0724FE,3
9A25D43F4CEF,3
9A36D8AB4818,2
9A5193D1C19B,1
9A879E8D266F,2
9A93D940C694,0
9A96A89DF959,1
9A9924C0CA97,0
9ABF7B48B802,1
9AC32EA4050B,3
9AC838864995,3
9ADC4A3BFDD0,1
9AFAE6562E98,0
9B15B90564A3,0
9B23FE314CF5,3
9B3F1EFA8AAB,1
9B42B1750AD8,3
9B4BD1687FA0,3
9B4C52064991,3
9B4EEAAB752E,2
9B5E142C63AC,2
9B5E878ED861,3
9B63E800B429,0
9B69DE203555,2
9B94692E3AC6,3
9B9E23C5D3C8,2
9BAD2A3A7619,1
9BAE37CAB3ED,0
9BEE648877EF,0
9BF2607D4878,2
9BF717F45D68,0
9C1A3F53B869,3
9C1B60E737FB,0
9C37912D9442,0
9C3D2911E32D,3
9C57307D58A5,1
9C601D9FCB5F,1
9C6132E41DDE,1
9C76CF46D791,1
9C7B4130AA3E,3
9C7E82646A0F,0
9C9C4EECA979,1
9C9F45A47A92,0
9CB69011AE54,1
9CB6D9467227,2
9CCE6697A5B1,3
9CE077EDCC85,0
9D6E844DBDF2,2
9D716D9F4EBA,2
9D8B3825C355,2
9D9B85A82575,1
9DA131E0F720,1
9DB1E261C00D,0
9DB8409B95F6,1
9DBCBFD45366,0
9DCB91B1F18D,3
9DD22B9D10F4,0
9DDBBA28EBD0,2
9DE684107A66,2
9DF267887BEB,1
9E1DFDF33C0B,1
9E21506EADC7,3
9E2645222231,0
9E40BFCC6F62,2
9E478C982AD0,2
9E49399B42B4,0
9E4F43374DD5,0
9E753C182039,1
9E817DB62497,2
9E8984D81AC3,3
9E8F3C6405CA,2
9E96EB0152A6,2
9EAB766AF4BE,2
9EADCECA2FB8,2
9EB5AA842FEF,3
9EB7D09C785B,0
9EBA120196BC,1
9EBCC1131B13,0
9EC4A16802BF,2
9ED1E2DB0B0F,0
9EE9E6991968,1
9F1230B269C1,3
9F1CC7603B64,2
9F27EAC1E27D,0
9F401E75755A,2
9F68BAB4FB63,0
9F7610DBE2DC,2
9F7E189A2DCF,2
9F803521F9A6,1
9F9C42BD3B7A,0
9FA1ED280D8E,2
9FA90B94782E,1
9FAA62801E13,1
9FD1F622BAC3,1
9FDD8A146288,2
9FE2FE6E997E,3
9FE689F5F44D,1
A00A8837B25B,0
A0129E84B1D4,0
A02E1D0BEACF,0
A04B4B412DB3,3
A055576C0F9E,1
A094036DE672,3
A0A2D6856B0E,2
A0A56F7995D6,0
A0B2BF94231C,3
A0B58CDB939A,3
A0B8C1FA3811,3
A0BC5780C987,1
A0D37DDFBE96,1
A0D47C0DD67F,0
A0E95D8119F7,1
A10755158FEF,3
A10E91E49973,0
A1196779A15B,0
A11969208401,3
A18B82F7407B,3
A1976FDEA9E2,3
A1B06DEEA15C,2
A1BFCDA12FB1,0
A1C1C0FE3C7A,3
A1CA2A691C98,1
A1D0490FD324,3
A1DC92E4E3C8,0
A1DE235AFFC8,2
A1EC959B8C13,1
A21A69767BEE,3
A22BC15DDB95,1
A22EECAB91E9,1
A25E8EBA43CA,1
A263E403FAC3,1
A28940CA5863,1
A28E9B475935,3
A2957D006D28,3
A2BA5F95C077,2
A2C232F3D92C,1
A2CAB9C551B9,3
A2EA2D3D0542,3
A2EF5BCC488B,0
A336FB5F2623,0
A33D66485059,3
A356547BF789,2
A35B4B7CBD24,1
A35F3D111E9A,2
A366CC7B0D05,3
A38187259EEE,3
A38A3B76558A,2
A39343536B4B,1
A394468CDEC1,1
A39660CA003E,2
A3A0AB366927,1
A3A5003C8AD1,1
A3C5DE6588D0,1
A3C8FABB8B29,0
A3E6A572C6E5,3
A3E9A1C9917B,1
A403FC7A8542,3
A42A8E5FA4CD,2
A43F5C97F2E2,1
A46DA0EA4F5D,3
A47106D7B784,0
A484FD45778A,0
A495DAE52B0E,2
A4A90A401002,3
A4BBB301E3CE,2
A4C46FEBBCC4,3
A4CD4307D620,0
A4DA4201903F,3
A4F11F4A76AE,0
A5056E812783,0
A5073B74C615,2
A50D4A87B19D,0
A526E6F199BB,2
A53DEC5A2DE8,1
A54391563C0F,1
A5567EF4C8EA,2
A56BCB594C0C,1
A570CD64F0F9,1
A5B9C9F26FD6,2
A5E657C1B23A,0
A5E9417DBC88,3
A5F6E232286C,2
A643E3470F54,0
A66E85DB3C56,0
A6745A8EE7AF,0
A68AABEAAB4B,1
A6A6C7852F05,1
A6AECACCFAA8,3
A6BE0FAFA04B,2
A72A4397F9F5,1
A72F4E50ED92,3
A72FE8731B45,3
A742ED869970,0
A754F3AC48E3,1
A7627F0E8E33,1
A764E2DFDDD7,2
A79B40F29DCA,0
A79D997C4B42,0
A7CC5A46675A,1
A7CEC076632B,1
A80542F83A7C,1
A81E2C81BCAB,2
A828480AA508,0
A83B38711F26,1
A84FFDD09442,1
A87C80DEAB08,0
A88BE59EEBAE,1
A88FB1D1C8BD,3
A8BB150F53AB,0
A8D0ADC676C0,3
A8DFA8766B31,2
A8F321EBF782,1
A902D2DE1A8A,2
A91103F63B19,3
A91E59572DA0,2
A9290F062546,1
A93072F1F0EC,1
A93471B62AF5,3
A9544F0E8868,2
A975CBC4A7E8,1
A98482015F5A,0
A9A0D8CE21B4,0
A9A152AAFBE1,3
A9A6B5A288DC,2
A9ACA0A6ADE8,3
A9B3B0AEE38B,2
A9DA6C8A9555,3
A9E9851F3E7E,3
A9F7B20A9483,0
AA0919FCDEDC,0
AA0CD6D22CA3,0
AA1ED5376761,2
AA2191D8D24E,0
AA32237D75CE,0
AA416CED237D,3
AA53069FF4B4,3
AA7B4CC7EE1B,2
AA8DA5629CBC,0
AA9B263544A9,1
AAAAA48F6FEB,3
AAD6A5CBDDB9,3
AADAFDCD9944,1
AAE16C990870,0
AAF42F8A396F,0
AB0686BA42E5,0
AB142AA123BC,0
AB201C60C269,0
AB2FD69DBACF,0
AB37B00A93F1,3
AB6284069E18,1
AB75D2DC92B7,2
AB7823891008,3
AB834A70D155,2
AB86BAABBF68,0
AB9527C4A312,0
AB9FC91ABAD7,1
ABA60F0BD289,2
ABBA50242CFA,1
ABBE700093F0,0
ABC59FCA6150,3
ABD38929777A,3
ABEA8B5724EF,3
ABF21C9A2160,3
ABFEE879153D,2
AC0AAA109FA6,2
AC1F60D0F85D,1
AC3111702C95,0
AC5D4FAD6FDA,0
AC6348A7ECB4,2
AC692F322516,0
AC7AB280A93C,0
AC8331539332,3
AC9719A6A375,2
ACA08DBF39EE,1
ACA1A45EE438,3
ACABA85B131B,3
ACAE11A04F63,2
ACB4771E367E,0
ACC830989D7A,1
ACE1BE41A8E0,1
ACE3E472041C,2
ACEDBB3C81A0,3
AD095F1ADE0A,3
AD097EE6B6D7,2
AD175892EC1C,3
AD19BF721C0F,2
AD28F2915402,3
AD53B357BD0D,3
AD5621D2A958,2
AD5F7E8C127F,0
AD6986B56719,0
AD72A536B54A,2
AD730017246A,3
AD9CEE5A6FFF,3
ADC42265FD32,2
ADDFE045FED1,3
ADF1112226F4,2
ADFE2CDB6FF1,0
AE0DB193F5B5,1
AE156FEABF74,0
AE178808D4FB,3
AE262E9DC747,1
AE2E6B3472DB,2
AE370D914104,2
AE83E9155405,3
AE8A9585640A,2
AECE763751DB,1
AEDDD593BF0F,0
AEE8A576989C,3
AEEEF8816516,3
AEF788DA28DE,2
AF20176EB127,0
AF39DC7FF677,3
AF4A2E8AD2A5,0
AF6E7702012F,0
AF71C89CD199,0
AF83C17B5451,1
AF8963C142A0,2
AF96A2176FB7,0
AF98232BDB08,1
AF9F53EC3673,1
AFB5CC3E27EB,0
AFBC394080FC,2
AFC600D922F6,0
AFD325C9347D,0
AFE6CAE937D8,0
AFF314E99BF2,2
AFFCB27334C9,0
B03AB7243AE5,1
B046D31B68F0,2
B04F96DEDE6B,2
B067F0CBE15C,2
B06DEBFFD2A8,3
B07B4B4428AB,3
B083862AF3B4,1
B08751C48DAB,0
B0B703E881B7,2
B0CDBB24465F,2
B0D627CB7309,3
B0DFC5E93591,2
B106E3896C56,1
B110268BBFEC,1
B18BEE398BAD,2
B18CF330D3CD,1
B1A435B54D4A,2
B1AFACE6704E,2
B1BF25C4C28B,2
B1C410876D33,1
B1D135A74E3D,1
B1E1608C016D,2
B1E8A95B0939,3
B204869FA146,2
B2055DB7B29E,1
B2123357B114,0
B23BDDB4B5FA,1
B261F438E0DA,2
B279118BA2EC,0
B2919590BDB0,0
B2AD2177A42C,3
B2B6C25D967A,3
B2C32E74812E,3
B2D03F892B0D,1
B2DAE4CC6597,1
B312F104B015,3
B3145EA3395B,0
B31D05A5A9CB,3
B3241FAB44C9,2
B32F41984B27,0
B3493FBE6476,0
B370B0D18727,0
B379CB700CCD,2
B37D0A9D7859,3
B385E5EE33B9,3
B39F335086FB,0
B3AAF502DFFE,3
B3AB4E6C5678,3
B3B9D116021C,3
B3F0F2F6487F,3
B3F18E671DF2,0
B403A4E28BCE,2
B407B3F81C9F,3
B41ED2C0C016,2
B459B5B87707,3
B469122B9ACB,3
B46E31AA2653,1
B4994C771190,2
B49D86AC2062,1
B4B2CB4AA07F,3
B4B82E063D04,3
B4B8BEB77C2E,0
B4CBDAF1161C,0
B4CF5269C465,3
B50C9D328FAD,3
B5106AB5C81C,2
B543953F757A,1
B548BF7A2A8F,3
B54DBEF87F11,3
B558AFC603D4,0
B5618012B782,0
B5663D6B5854,1
B596C01C5E87,3
B59B6731525B,1
B5AA232A7261,1
B5AE26EEE247,3
B5FF33681C22,0
B5FFED1536FE,3
B68C62AB1515,0
B6A5721D64C1,2
B6ADED946A1A,0
B6B85CE5C8F5,2
B6D958C73D90,3
B6E9E12159E3,2
B6EB1835EBE0,3
B6F445EE304C,0
B7053BDF5BA0,3
B7075CD10BCC,2
B727B720430B,1
B7291A99BF2E,3
B7350254EE93,2
B744CD534ADB,2
B7468C4DD17C,3
B7626C8D1FAB,2
B76C582FA08B,2
B7938A92A4F9,2
B794B3C07254,2
B7A0347C68C3,3
B7AABB24BDB8,1
B7C150A40F86,0
B7F56382EF7D,2
B7FABBC13A0F,0
B7FCFC6A7011,0
B821E1D68BE7,1
B83897288B43,2
B83DD09D3129,3
B84EF55EE7F0,1
B84FF4E3504F,1
B8624C2D465A,1
B86530090737,3
B8656754E9EB,3
B88EA53BC496,3
B8961D64A158,1
B8AD03895BE6,2
B8EE6B6594BD,3
B8F0ECC9DC86,1
B936994E140D,3
B942E0DA6A0F,1
B948405746B5,0
B950C326FB77,2
B9733BDA883E,1
B983F2965167,3
B9A542B2C36C,3
B9B02A6FB3F9,1
B9B71CEE162B,1
B9BA0955819D,3
B9DABCFD687D,2
B9F6B348FC3A,0
BA0D3D6A8A94,0
BA14C47026ED,3
BA1651806E60,3
BA3B6D562BB1,1
BA541CCAA2FF,2
BA57C427DB35,3
BA5DC45B0E3F,1
BA6FC6ECE68E,3
BA71C09852E8,3
BA89E5BB44E3,0
BA9DA5122C58,1
BAAFCD5BD313,2
BAB7CCC403CE,0
BAD99FB704BB,2
BAEC88ECE833,2
BB0157B70CA5,2
BB06ADBF1640,3
BB0EA66E43C4,2
BB18A75AC035,3
BB240E6FF61F,1
BB38DB117F33,3
BB430219DBB4,2
BB5B58E098AB,0
BB5D6C14712D,1
BB7BD362A162,1
BB8064D7B327,0
BB87E18DA024,0
BB8A59BA8C61,1
BB8DBBD8C4AB,2
BBB9D66F934C,3
BBE74D844874,2
BBE8AE3B2B09,1
BBE9DDA6E3BD,2
BBFEBE9529A1,1
BC0703638937,1
BC0B186645A9,2
BC1F1C37721E,0
BC4A0CFD6CAF,2
BC8115EEB029,1
BCB9C4BF0092,2
BCDED505B597,1
BCE3D895D850,1
BCEDACE63B48,2
BCF16DEB277E,2
BD0CEEC9B429,1
BD4BFB4E8C6B,3
BD67708C0609,0
BD8683F93B5A,0
BD889A4D831B,2
BD951BF14177,2
BD9FE34E4670,2
BDA166D1989A,2
BDA991AF3ABE,2
BDAE1D4B6C20,0
BDC0340D4BD5,2
BDF13939FA26,3
BE1752DCF09C,2
BE1B8DAE1D75,3
BE2532E0867B,2
BE28A2EEAE06,1
BE3784039C72,0
BE4764F7BFF1,1
BE68C5AB58A1,3
BE6A28051A30,1
BE928441C9D6,1
BEC3906A1122,3
BEE04EB31D59,3
BEE8F91F40E7,3
BEFA85A6134B,0
BEFC24511B26,3
BF01FFEF8CB3,3
BF0AF86DFDE1,1
BF21550BA5BF,2
BF267B42A2A4,2
BF56324B3A86,1
BF580042A644,0
BF5D1465DFFC,2
BF5E7CD37E4B,0
BF5E801B7FD6,0
BF652DD7B469,0
BF72FB4B953F,0
BFA732D9C006,2
BFAEA615906C,2
BFB07811C92D,1
BFB1E692333A,1
BFB53ACD3DD5,2
BFCE7D755436,0
BFD5F32AA3C2,0
BFE92DE70CA2,0
BFEA2E7F1486,3
BFEE2D5C0FDC,1
C01AC1CDDD65,3
C02F3803D0D1,3
C045A27AFE82,3
C05745235FE7,3
C0643251A96A,3
C0800EF2C22A,0
C09D3287E6AF,1
C0B30026B439,0
C0C29B07C7C0,0
C0EAFCE50675,3
C12DEB504856,1
C1314085435C,1
C13E41755D2A,1
C15EC5707409,3
C168D81A3425,3
C16EB45BDFF5,0
C194E48A8236,0
C1959178FC53,0
C1ACBD09B2FC,3
C1B4AB227617,0
C1BED9EF3630,0
C1C75CB3BB17,2
C1CA798352BA,0
C1E9D98B3613,0
C1EAD0C50570,3
C1F640A29D37,2
C209AAD70DDE,0
C22B43EE7FB8,0
C2343290CC89,2
C24F3DD7A37E,0
C255CCC30A3E,2
C25E3A9AA408,1
C262F0931AA1,0
C265A20FB301,0
C270D47D709B,0
C277BE295A41,2
C2D061782462,1
C2D40AF42A53,0
C2DCF6EED519,1
C2E3AD707EDC,2
C2F34D6A76D4,0
C2FBC10F36E0,1
C31C0ED2A05C,3
C3429FEF8AEE,1
C352BA103419,0
C3549BC956DC,3
C3668997E921,2
C37595A8AE16,2
C37F09E24836,0
C38334385924,1
C3C1D527011F,0
C3D8E8E8B942,1
C3E499B46594,1
C3E8D00403D9,0
C3F3118898B5,2
C3FBD51A2343,1
C4086056BD37,1
C40BB9E0BC6C,3
C41DFE052637,2
C41E40F2D803,1
C444D6A0AC1C,1
C4472C6DFE66,3
C454239AC43D,2
C465964DA6D5,3
C47E98E69AFB,3
C48A4DC42846,1
C495D1E686C0,3
C49F716838E7,1
C4A208FC02D2,0
C4A5B0BAEB44,3
C4A874260D21,3
C4B53350B704,0
C4CFCB3B7F13,1
C50BE3C76571,3
C51C5EA029D6,0
C52B76D995C6,1
C53073A5A9CB,1
C5376D2ED6EE,1
C537E278BAE6,3
C548AD0C706C,1
C57371A3E79F,2
C582EB969552,2
C5B351564A3F,1
C5C74A1D0020,1
C5CA6C22BAFE,2
C5DE10EA489B,3
C5E45F477A84,0
C5E4E48AB704,2
C5FF203DE2DE,0
C616874461F9,3
C616CFDBCA6A,1
C61946131A41,3
C623A886C6E7,0
C649BC3F0C2D,1
C652190DB53F,1
C655195F667C,0
C6555F21F7CD,1
C656A870B2B7,2
C65705E1E072,2
C65AD37C8194,2
C662BDD50395,2
C66B4F537548,0
C676CE973E9E,0
C693AA305835,1
C6A047494477,2
C6B1B7E91EE8,3
C6CAFAC5589F,1
C6DDD966C9FC,0
C6DDE5F881C2,3
C6EB01B2D6B8,3
C6EE9996089C,3
C70AEFA3CD16,2
C71E82A97BD3,2
C71E90669DFA,2
C7294E1E615D,0
C76DBCE18AF0,1
C779E68B8B7E,3
C77A361A7476,1
C78951522AC0,1
C78AC0CB25F9,0
C79292B5F78A,1
C7A28C7A3786,3
C7AC45EF9D03,1
C7BD62EA392F,0
C7CE778367F6,1
C7E050E7D5F0,0
C82037D6072F,1
C825937F3BF1,2
C85795794D51,3
C858F547F2AD,3
C85DA87E87CC,2
C8620D9D22DC,0
C865637A034A,3
C868C220A380,1
C87D8E9C6248,1
C8A3B0D8B7E5,0
C8CFF17BCD6A,3
C8D7D7FA3008,2
C8DF8FD0D69D,2
C8EBB096262B,1
C8EF7048C03F,0
C8F035B467A7,1
C928D32FE5C5,2
C92C73888D49,3
C93925EDB882,1
C954A6D0B707,3
C968149003DE,1
C972C565A819,3
C97525A88E48,2
C97C2190DB65,2
C996AAF4ADF6,2
C99B244B9A0A,0
C9B989E27414,2
C9B9A8174D46,2
C9E127E1B4E2,1
CA10EA3EB6FD,2
CA11FD3CAC43,3
CA290993DFBA,0
CA29A62DA67B,2
CA2B324678EA,0
CA347336D930,0
CA3752A6A8F3,0
CA3EB3AA11FC,1
CA42D47C0914,2
CA4941643D09,3
CA58CF3D8943,2
CA64C82B0F26,3
CA73BDEC2752,2
CA7CE4CE7ED3,0
CA7EF1C7C3FE,0
CA8C0B2EA600,2
CA8DAD4BCC7A,0
CA966FF7F1E6,3
CAA2C4C4E79C,3
CAAB28864F44,2
CAC2F2EE4C2D,3
CAC6822F740C,1
CB120B25B46E,2
CB17AF6F1138,0
CB2F9A2B612B,0
CB327222A71B,0
CB34AD33CAEB,3
CB4C85EFAE67,2
CB71E5F9AE1E,1
CB73FAA1669D,2
CB7F46E1BDF6,3
CB892FB55B59,2
CBA73A4D5C18,0
CBB0475A89B4,0
CBCA3CFF320B,1
CBDE3C526D05,1
CBE7994D8199,0
CBEB284749D7,0
CBF103FE58DD,0
CBF13C6D3FFC,1
CBF62E8FFA1B,3
CBFD5CD8BCD9,0
CBFEE0C81C5E,2
CC0186CE98B3,0
CC10B6160941,3
CC11E4C2FE01,1
CC149CD4B584,0
CC24D88BEB8E,1
CC2EC6C74865,3
CC30C03474B1,3
CC68BA9DCB2F,2
CC8647F0D1E1,0
CC8C5C963660,0
CC9E2835EFAF,0
CCA58535073C,2
CCB13E22A439,3
CCB5EED97986,2
CCC05B237877,1
CCDD77656701,2
CCEFC4392340,0
CD1D7EC5810C,1
CD4135EAFB1E,0
CD47F64F2398,3
CD506B5747F7,2
CD52F56B2392,1
CD5F70E5C1D7,1
CD7201C66BBC,1
CD81F6CCE819,1
CD99E2D6DBE9,0
CD9AF89E5CA1,3
CD9FDD5F9F9E,2
CDA4015E635A,0
CDAA99F49D42,0
CDABA09822C7,0
CDBB3ACAD2C8,3
CDCE16D2C836,2
CDCE6EB37AF6,1
CDDAB6C29BF8,1
CDDCA13DB734,3
CDDFBBACC7B6,2
CDE661A599F5,0
CE11907D971D,2
CE19B516A167,1
CE214B0C2CB6,1
CE246FE2471F,0
CE2EC298670A,2
CE43CDF8BAA4,0
CE43DBA12965,3
CE54FF437FFC,3
CE6A2E382FBE,1
CE7E3C75BAF8,0
CE7FCD160837,3
CE9843304D87,0
CE98C42F51C2,0
CEAD27DE3263,2
CEC1115B69DB,3
CEC5B40D1688,3
CEC6870D564F,1
CEC71375C061,1
CED4F9C63B9B,2
CEE41F7526FA,1
CEE6F38D4ED6,2
CEF302996231,3
CEFC32741811,2
CEFDC545C24F,3
CF288DDE1328,2
CF290C0884F0,2
CF3DC2587708,3
CF45352F8424,0
CF453C152FD5,0
CF4E6D77F514,3
CF7AF5FA5DDC,3
CF961DD37C82,2
CFA41112FF1B,3
CFA55621F274,2
CFBD5DD8ECFD,2
CFD0D13D3180,1
CFD454F55693,0
CFEC920440CE,3
CFFD84E8F43B,3
D001F6D3A0D0,0
D0056301ADA8,0
D01F88C1F2A0,0
D0211302AE30,2
D03AC4A82463,2
D03BCE849DEA,2
D03CE04CF47C,3
D044FCEAE0D7,3
D06951B19A28,2
D06C0F3D5553,3
D06EDF336392,0
D08BCAC0B1D6,3
D09D2C17FB38,2
D0A218161D37,2
D0A5FF29C338,3
D0C50EB5CB1F,1
D0CC47FFC293,0
D0D7C3A056CE,2
D10BBD82D66F,1
D116B2A5E044,1
D129F19FF7F7,0
D139A5C53DE9,3
D13D39A7CD7E,0
D14413B502FD,2
D151A06B4136,1
D159EE3218BC,3
D15E85D292CE,0
D16B3304A010,3
D175411080CC,2
D1769512AB23,2
D184EDBFB3B8,2
D190133EDD2B,3
D1A0AFC80A9A,3
D1A682106D3C,0
D1A866170CEA,0
D1B607165DAB,1
D1B9985EAF6C,3
D1B9A2A7BEDA,1
D1C316C7ED37,0
D1C5C7879A33,1
D1D770AF6855,0
D1EB6E3F8A28,0
D203157DCBF0,2
D2035E3721BA,1
D22D2878F4C7,1
D23D870D5333,1
D2421A895FFA,3
D242BBCBEAFB,0
D250DB9080E0,0
D2517350CB3A,2
D25868F1C5C3,0
D25F59B6DC95,0
D26C9B0368D0,2
D28F4250040D,2
D2910C3C8E3B,0
D293D510A140,3
D2C7BE42DEF6,1
D2C9C1EE55F2,2
D2D9D0C94A14,3
D2DF0FA5218C,1
D2E2605EE795,3
D2E545CFEBF3,1
D2EBEB5FDA90,2
D2FB14A7C43B,2
D30614F0911F,1
D30D6D7F3D39,1
D325C8F858F6,2
D326DB3F4FCF,0
D3291B198D36,0
D344D0003B84,0
D35A126B4379,0
D3612C6F0653,0
D36CCF111F86,3
D37157CEC26F,1
D371D73ACCC2,1
D38A414FA051,2
D390FE972D8F,0
D3999CF53EFE,0
D3A5813D8C06,2
D3A6B04B54A9,1
D3B45F8759E3,1
D3C9A3C2BB08,1
D3D5841674F5,0
D3F44CC7EC17,0
D401F5D87E45,1
D41787486DA6,3
D4269468970A,1
D42B6354404D,1
D42B99110E5C,2
D43F13CE2638,3
D43F9C906CD6,0
D447CB3558A0,0
D4490C9F73B9,2
D45494CE3D2E,3
D457F3AEAC6D,0
D45A0B7F9D48,2
D464E294DDB4,2
D49547B9FCB3,2
D4A0BB487395,1
D4A38C52F57D,3
D5202DF530D1,3
D537BE6997F7,1
D54C778A8F9C,1
D5588B5DD6FF,1
D579D6F26A91,1
D57EBE64C7A2,2
D581D89A822A,0
D58980F5EC66,2
D5916B1F52BB,1
D594B486E6B5,2
D5A110D65134,3
D5AC4A35BAF8,1
D5C7212A31FD,3
D5C7AA1266CC,0
D5C8C29F17D8,2
D5E3716C5E49,1
D5E4F0C7D0BC,2
D610B092DAD9,1
D61FC9795679,1
D6278021E119,0
D62F970B0DAE,2
D6407F1D3515,3
D6504339A690,0
D669349412FB,1
D679B3291B9C,0
D684AE8A9418,2
D68907DB12ED,0
D6894AB9188B,2
D6930DD4EDD0,2
D6B34BAFC908,1
D6C9DE61BAF4,2
D6CCEE56DA9D,1
D6FF6E26EB7D,0
D7301CAAFAB0,3
D743AC1EB08D,3
D7528DEBA951,2
D752DF2541DD,0
D760EF65B80C,1
D77456B25F73,2
D7766B98F761,1
D776E7CA9913,1
D779EEB6F8BC,1
D77A3352CB34,0
D7817C171926,1
D7B9BEAEE50E,0
D7C6DEB19630,1
D7C9E22CC216,3
D7E4E0A1B943,1
D7EC70BFCAB6,0
D80B98C274D4,0
D80ED2446C0E,2
D81AEDF6E262,1
D84024335230,3
D840D9ED669C,0
D84463ADEE19,3
D8532CCFE454,3
D86C20117DC9,1
D875C4365BC3,3
D87F1B0CE93F,0
D8934CA35801,0
D8D84A2E4CE0,2
D8D90E042134,0
D8F9861CD318,1
D8FCB1AB9867,2
D9018539576D,2
D9130F5402F6,1
D91D25F55AD9,2
D92452B93539,3
D92BFF2AC7FD,3
D93895A285B0,3
D939E8851FAE,1
D93EC6A7E859,0
D940E4357737,1
D9469EFAE287,0
D948703E8026,2
D949A947DD92,1
D95A9CC4C62B,2
D95B78E39793,0
D96EF27304E5,2
D99C71A15BA0,3
D9AAC11BC7AC,2
D9AAEE4C9BCC,2
D9B44BD44222,2
D9B51C663A5F,3
D9B80F897473,1
D9BC7F4F22F0,1
D9D8AB28BD26,3
D9E77CD4506B,0
D9E7B148EF8C,1
D9F549A8EE63,0
D9FA943B5453,3
D9FB5E411A4F,1
D9FC1CDE9B10,2
DA00F2B25B8C,3
DA1ABE125640,1
DA228B928B61,1
DA254A895F0D,2
DA26E5E2C08E,3
DA43320FCA57,3
DA4E1BDBD778,2
DA5CA667B729,1
DA674E9EB26C,2
DA6899CADE97,1
DA7C756EEA38,0
DA86BC9B9FB6,2
DA8E64EC1304,3
DA8F8C0D6952,3
DA92389BB8F0,2
DA994B5C3784,0
DACE7A4DE7DB,0
DACF12F21A7C,1
DAD01CB5C8D8,2
DAD5BCDAB7DD,1
DAE1AA29184B,3
DAECE15EE507,1
DAF9AC30424E,1
DB050381035B,0
DB0A595A4723,1
DB1838237151,3
DB2E935F461F,1
DB2EA5C4828F,2
DB34A89420F2,3
DB621DB9A4C3,3
DB69B98973B6,3
DB6B9E64CFF0,0
DB80C6963DB7,1
DB85B6DDB462,3
DB8F7B150495,2
DB9BA6D8278F,0
DBAB680CBC5D,0
DBAE7F4F7837,3
DBBAF0AB97FB,3
DBC04530D2F9,0
DBC60BDBC49E,3
DBC8CBF56BB9,2
DBCAB09E41C7,1
DBDBF971510B,2
DBDE16551908,3
DBE977177080,2
DBF44F842C57,2
DC099826F469,3
DC1271D1294D,3
DC247D62DB3E,0
DC2E6750CDEC,1
DC33D5F69792,3
DC391957FF10,1
DC467256CD82,2
DC56EF65D59D,0
DC5DAF538DF2,0
DC6EDCFCFBC2,3
DC77E1C50756,0
DC7961960711,3
DC7F27315FCF,2
DC88C1130FD9,2
DCB1A6F255A8,2
DCB9EAF9C92A,0
DCBE020F2A4F,3
DCCA609D1212,2
DCDDFA12E124,1
DCDED7261D03,0
DCE760033193,1
DCE82F61BE10,1
DCED139D2C03,1
DCED9DA8896F,1
DCEE7FD21CFD,1
DCF9F70FBA91,0
DCFBEEAC3AA8,3
DD00E48BC258,2
DD10F696E570,3
DD265EC28AEB,0
DD279F25DC1F,0
DD474E5804C0,2
DD66EBC605D1,1
DD91A86810BD,0
DD96F81877AF,0
DDAA14DE7D11,0
DDB673D3627D,1
DDC3C4A828DA,0
DDCB2CC96EA7,0
DDD1A1F08FDF,3
DDD24AF9146F,0
DDD3771E1DF6,3
DE06A0AF7DEC,2
DE0F5C13960F,2
DE1A1149D54B,3
DE20CFA52C1D,3
DE3867FD43DE,0
DE41897F9C7E,2
DE54A8F9C29C,0
DE54F3466948,2
DE56AA9B4BF1,2
DE8162CAC353,2
DE841BF24A2F,1
DE8EAEAC72D9,1
DE921CECE21A,1
DE962FEDCD9E,3
DEA1F417949A,1
DEB7816C7CAF,1
DEC2349902F8,3
DEC2A1A6A1CA,2
DEC50B420484,3
DED3BCBE5049,2
DEDCC703F6FC,2
DEDD5C568B4C,1
DF058CBE24A6,3
DF111089EFA4,1
DF149975C610,0
DF193A9E1C5A,3
DF1D43973CFA,0
DF23B896A1C2,1
DF328FBE5029,0
DF64D7FF61F1,1
DF74545A44C8,1
DF785B00E2A2,2
DF8B648769C5,2
DF9E11F7A06E,3
DFB7AB4481AC,0
DFCF2A3BE972,0
DFD93C26F453,0
E0209F1D5DF6,3
E033F3B6B044,0
E03B0AA78E40,0
E03B6B157C32,0
E04208981449,2
E0538F7AB083,2
E0553AEE109E,0
E060D90D6CB9,0
E0656353B8F2,0
E069D2A8AE1E,1
E06EDBA28C44,3
E07B043F3C2B,1
E07F7A913FB6,2
E08185D94A44,0
E083802BEB79,1
E08B2DFE266D,0
E0A8EBEE657B,3
E0B4FCC6FD58,0
E0B86027C5C5,2
E0BABC4506D0,3
E0BDF62838F7,3
E0BFF1488787,3
E0C521DEB367,1
E0DF99CD1D9C,1
E0E060143B79,0
E0EBA1995BCB,2
E0ED97D6F88B,3
E0EEC1CE4679,0
E103955391AB,1
E110443F5184,1
E11139259D4E,3
E12401B92C3B,0
E12450BAE343,1
E13F3C0CB738,3
E17E9E75ECEB,3
E18675E47293,3
E1898E71ABD6,2
E1920CC1D734,1
E19CE100743C,2
E19E1BEB08EA,0
E1ACA6A0198E,1
E1AE7FDD072F,1
E1B279EE81AE,1
E1B30D0F1F11,3
E1B9CAF68CA7,3
E1CAFEEB258E,3
E1D1EFCFD8CD,1
E1DB041DD77B,0
E1E09D32484D,1
E1EC4869981F,3
E20DE200FEA8,1
E21038BEF290,2
E218D28DBF0E,1
E21BAA47A9F4,1
E21C97204867,3
E21D14227555,3
E22AC96B8B1D,3
E22F1FD54169,0
E231B7832E0C,0
E23EF596D2B8,2
E2456BDC6648,0
E24A6E61B08D,0
E24ADB91F6D3,3
E25FE9E05F36,1
E263EB3FBC22,2
E2687856AA7D,2
E28221F47AE3,0
E282639E23F5,3
E2A60C034849,2
E2B6281D99BD,1
E2C3F26AB94D,2
E2D7273C427B,1
E2E3D86A8CF8,2
E2E6984894BC,0
E2E99090C7D5,0
E2F31005AF32,3
E2F71EA3C3FE,3
E2F767441B44,3
E2FC55BF5005,3
E2FC7B4466C5,2
E3096B04916A,3
E3097287CBD1,0
E312449DF480,2
E31B2A06C28C,1
E33FFA17ED69,0
E34E1B7D1691,0
E353A05E7C8C,2
E3611716918E,2
E362F08345FE,2
E36B406AFE70,3
E376D913FA25,3
E382BBC2D88E,1
E3CCA8712549,2
E3D9EE7C68F1,3
E3DBC3B092A7,3
E3DF63035440,2
E3E6D43F34B2,2
E4051C85D12E,1
E4124757C2B0,3
E4298EE64777,2
E429DAB69106,3
E433745B3F87,3
E43EB471951D,0
E446D60AD551,3
E4596B010B9B,2
E45C9BFE63FA,2
E4643D2ADD0A,1
E47A7E497F78,0
E481AA5C2F0B,1
E48441F53011,1
E4905D0DD050,3
E4BBB2E44D64,3
E4C49D70C330,2
E4DCBE75344D,3
E4F813D54870,3
E4FF635779B8,2
E501D2D7FC83,3
E508BAFC3BF9,2
E51754AD1D38,2
E52ADC86DFFC,0
E52BA6E4D7EE,0
E52BD4FC3FF0,1
E52C094A1DAA,0
E545B850725F,1
E54E238C6DDB,1
E55289EA6492,3
E5621447B675,3
E566F0D20F98,3
E56AA3BD89AD,0
E56D4253DFE7,1
E56D7CC27444,3
E57E60E07425,0
E587CBD5D1E4,0
E597A35FA323,1
E5B3346016BA,3
E5C9AD14EB2D,1
E5F1CCC31762,3
E6122E9ABFA3,3
E6338A929654,3
E6346D434004,3
E64FBE962223,3
E65D5A2616D2,1
E660157F81B4,1
E69D5E1FEAB4,0
E69E62149A87,2
E6A0D625F9C3,0
E6CF2D3B4FA2,1
E6EF69520940,1
E70DD00622DB,0
E71DABB44645,1
E71EFBE547CF,0
E7328989C861,3
E733508EEB84,0
E738D8E24101,1
E73CF852AC12,2
E7510A2A4F0A,3
E7585113D7EC,2
E76B3F5205CD,3
E770240CAEE1,3
E78C1D3328E3,3
E792CBEB06C5,1
E7A370A15B49,0
E7A76C48340D,0
E7A9FD471BE3,2
E7C8F254C841,2
E7DB2DC8B151,2
E7E6102C559E,1
E7EBDBDD703F,1
E7EFD51B632F,2
E7F9A77683D2,3
E80B0AD2A9D7,0
E80C88E9837C,2
E812CBED82E3,3
E81B50098AAC,3
E8257C027079,3
E83134C87EFA,1
E83BE2C46D0D,0
E8445DB18983,1
E847B658E4DA,3
E8485EFFC9A2,3
E853D5DD528D,3
E877D5AD16DA,0
E8795A1AA404,0
E883A8265183,3
E88DDF2C81EB,2
E897534557AF,0
E89C57CE37A6,2
E8AB23A796F1,1
E8B0698217A3,1
E8B836196ADB,1
E8BF036DCFA5,1
E8BFE6D45E41,0
E8C3FA5907B0,0
E8C554B25F19,2
E8DAB90C65F7,0
E8E07D453C9B,2
E8E60E149B48,2
E8EE54F7A2AD,3
E8F6D6EA06F1,3
E8F77B7EB4D9,2
E91431653DE3,3
E91D1A0039C3,3
E91F2E8986B2,0
E926BE6F104E,3
E952F0EB5083,0
E966121134B7,2
E969EF7D2D8A,3
E96C0F9CE5E3,3
E96C123FAC95,2
E9705A9C0FE5,3
E974548BFD00,3
E98862049B2E,0
E98FABC326F7,3
E9947D032E7B,1
E9BFBEA772EF,3
E9CE2D1B2D50,0
E9CE67114F63,0
E9E68651B168,1
E9F50492B159,2
E9FC757ED1E3,3
EA03135D3C88,3
EA04020F5ECD,2
EA105A8B8699,0
EA1B7D05FE81,3
EA37D9C12C91,1
EA40087521CC,1
EA42A6028804,3
EA4AED3BFE34,3
EA5B3C8E09D1,0
EA857E7CEFD9,1
EA8BE9778AA9,1
EA970C38817C,3
EAB299C6ECED,0
EAB3924FD98F,3
EAB74EEE65B3,3
EACD6F08F69C,1
EAD2625A1711,2
EAE70CCAFC13,1
EAE71A9E0247,2
EAEE04B1F712,2
EB03C897F7E8,1
EB0F373C1D2A,0
EB1500B8EA75,0
EB3D751AD980,1
EB403A2AA1DB,0
EB5924FBD25C,3
EB67209E0468,2
EB8030177678,1
EBA7A8A0384C,1
EBCC0B6D36D0,2
EBD07D2D103C,2
EBD559A9576C,3
EBD586EB3AA8,2
EBE0730AFF0E,2
EBE636368EBC,0
EBEFF43F46EE,1
EBF9131A638F,3
EC047D97041F,2
EC07B11B2CF3,0
EC0B04508F7C,0
EC2758A5B74E,1
EC35456D4E07,1
EC3B982A622A,1
EC3F3F26E635,3
EC5138D8C9D6,2
EC64EE12DBB4,0
EC773C38B72C,2
EC7A73638669,1
EC82975E75DA,1
EC8590A774E6,0
ECA6E86705B6,3
ECB127F00953,2
ECC9E84CD3D1,0
ECCAD55DE7BA,1
ECE377D2E967,1
ECEE1FB05BDE,0
ECF0CBAE7E06,2
ECF265A73C7E,1
ED06CD30103F,3
ED0A8E614649,2
ED185DEBD213,2
ED35A1FF5ACC,2
ED40DCB2F669,0
ED4CAEB0D7A3,1
ED57CFEC1CF1,0
ED6070D470FF,3
ED74D2C2403B,3
ED81EC443A69,0
ED8E7F6A56DD,1
ED937FC56246,1
ED9C6EDC5601,3
EDA0DCA3FC41,0
EDA3FF6D2DCA,2
EDD899D4131D,0
EDDAE2D4080B,0
EDE0A58B0B47,2
EDFFA0E4D88C,0
EE392BB6CFD1,0
EE3E133A2D55,0
EE58A33AD551,0
EE6114478ECF,0
EE6ECB910EB2,1
EE855A723FE0,1
EE99F74CAE44,0
EE9EA950AAE1,2
EEB113169637,0
EEB4D170D513,2
EEB58B11D40C,2
EEB5AAA18E11,1
EEDD6AC8DC5B,0
EEDF62EFA5D7,0
EEE6067CF9B5,2
EEE7731E8A57,1
EEED5054938E,1
EEEEC24C9AE7,1
EEEF07B3D146,2
EEEF81C2E133,1
EF1CF9E844F7,0
EF2E939F92B2,2
EF36F9497E96,3
EF3A72193AAF,3
EF455BB07922,1
EF45D0314A20,3
EF47AB98271A,1
EF4966D17FFB,2
EF5922BDE9E5,0
EF5B4AE52BE6,3
EF6B8CD5EDE9,2
EF7E0CBD62D2,2
EF8047505E53,2
EF9677DEFA79,3
EF9D616EAC4E,2
EFACA593A52B,3
EFB208F9EF60,1
EFBD506FC8F2,0
EFBF293CC2AF,1
EFCC45260444,2
EFD563DFAC60,3
EFD7D87EF4C9,3
EFDAD69E103B,2
EFDC396D9F7A,3
EFE2BC73A573,2
EFF1803E4B81,2
F0078F48B6D1,2
F0116D8BA334,0
F032D40816C0,1
F0524CAE23DC,2
F05D3802BC94,0
F06699DB73E0,1
F069420C6DB7,0
F06D9612B900,1
F074C2FEC1AF,1
F075F9AD2AA4,3
F07EB7B6F40E,1
F093FCEEC17E,3
F094225CAE4F,3
F0B44890C961,2
F0BB52DD1DB6,2
F0E76CC2EF7A,2
F0EA44C34C13,2
F0EECEC5C84B,0
F100483B6259,2
F11E6745A8DA,0
F123CF0BF9DB,2
F1270F8362F8,3
F12B9AF96175,2
F12C7794CDCB,2
F12EC7A7D168,2
F12FEB0FE5B6,1
F131A67F5B95,0
F1329DA98283,2
F13C7EC54868,1
F144EA4BE505,2
F1596AB60E72,3
F160E7B1FD96,2
F1620489BEB3,2
F166A6757369,0
F167D1995565,0
F16AFE936F49,0
F17A4EF296EB,3
F17D56052066,2
F17DDEB77A2A,1
F17E1C91D1DC,0
F17F4DF6095D,0
F1883C3A8C1E,1
F1933BF43F45,2
F19CD0CE3534,3
F1A4167422E2,2
F1A5FE43ADD0,2
F1AAB82CE621,3
F1B1760AD63F,1
F1B4090C8B06,3
F1B4412674FE,2
F1BB39C5E549,1
F1CB29904BBD,1
F1DF4F89F70D,2
F1F6D7CAE400,2
F2029DDE1D2B,1
F2165F132C87,3
F21B26DBED29,1
F22B25257E47,2
F22FE8D7FA16,0
F2387DA187A4,0
F2649F7F089F,2
F27DE7F7F3AB,3
F28D4ACF03AA,1
F29244150DCB,2
F2A721819364,2
F2A97549C778,1
F2AE464DA15E,3
F2B360408003,0
F2B390040C12,0
F2BAC6095D8A,1
F2C012ECBF9C,3
F2CB99D1FE9F,3
F2DE30047DF9,3
F30AD5A2B74A,2
F3259CFA6566,0
F347A054A1AF,3
F3550CF50ABC,3
F3604BAC5D79,1
F386245C7C21,2
F38E063ED945,3
F3996EB91406,0
F39FFFB63840,1
F3A5981B0288,1
F3ACD9A99ADA,1
F3B7C2480747,1
F3BFC265844A,1
F3E0762BFA43,0
F3E2F311D829,0
F3F4454A2E3B,2
F40D707EC722,1
F43067F5C920,0
F440ECCF9E67,2
F44AE6192EA9,2
F44D5A636C2F,0
F45967CEFA55,0
F45F03EBB2CA,0
F47F7676912A,0
F48D7BBAF52D,0
F49521C3494B,2
F495D071AE60,3
F4B3B2CAB030,1
F4BE7BB77A43,3
F4BEEA034AA5,3
F4C52358CE03,0
F4CFA4007C99,1
F4D07B2A60F9,2
F4D23BAA49AE,1
F4E879AE7FBA,0
F4EA60BCBC2C,1
F4F054797227,1
F4FC2D64C127,3
F50C9936F416,2
F51C77EFF5D8,0
F52394B3500C,1
F530741D2297,1
F531D21A72F6,2
F53B14C7F455,1
F53E50C57938,1
F54386A8122B,2
F55F4FD90B3C,3
F5609AECDD96,0
F57B95D17755,1
F58106266977,2
F581373D36A4,0
F5817C081342,1
F584D9BB5F5C,2
F58DF8739B42,2
F591A84185A4,0
F5A5B0906BE8,3
F5A6427C32CA,3
F5B510BCCA2D,2
F5BC1532013D,0
F5CB9849B913,1
F5D2D8C81370,1
F5E70573B058,1
F5EA98F42452,1
F5EFA67354E6,2
F5FAD709AAFC,2
F5FF5E9E553C,0
F60545D8271E,2
F610B3CBF3DF,2
F610C7BCD9EC,1
F6194DEBEFA7,3
F61FB474D85F,2
F628F0D46CCC,0
F62B971B739E,2
F65622698950,0
F65D9047F656,3
F66B2BAB7E4C,1
F673BCEC3BD1,3
F6886170FAA3,0
F69C85F4C3CA,2
F6AA88DC9ACA,2
F6AEEC01F174,3
F6B1E10F02C8,3
F6C88F801A8A,0
F6DEF203DCD1,1
F6EAE029B20B,3
F70288B24094,1
F711DAD6AA51,2
F72B0C4DB804,1
F72B3EE2E414,0
F72EA674A872,2
F737FB396F2E,1
F73899060D94,3
F73B27B9A443,3
F747581D0782,1
F758E275C993,0
F75BD3928377,1
F75D6E5CCE78,0
F763D4DB9224,0
F771A9924D56,2
F772343CC7A7,1
F78366DD5A31,1
F792FE4DCF1A,0
F79EB8CBE0FE,2
F7B478DB88ED,2
F7B5DF87EA1D,1
F7B655834981,2
F7CBE1D11BF8,3
F7CC31D47F06,3
F7CF6202A7FA,2
F7DB1032DFAC,2
F7DC6C783239,3
F7DD6134C693,2
F7DE5680F74D,3
F7DF6ABE8573,3
F7E091B1D163,0
F7E78C064324,3
F7FD0CB34BBC,3
F82EFD88E2BE,2
F834F75D0E3C,1
F83702EEB830,3
F84E5DEFC874,2
F85B1C875E6C,3
F869B38F3A89,2
F86C79CE78F4,2
F86CA3BFAB20,2
F87594F095B6,3
F8776FDF7DC0,1
F886A2B6F351,0
F88A0801C9EB,1
F893E9ED1F0C,2
F89738650EDF,3
F8A3497B5F2D,2
F8B49772E887,1
F8BA702A8450,3
F8C7B0C9F064,3
F8F503B765DA,1
F8F7785B285B,1
F8FD4F6B6DE6,0
F8FE41D805D0,2
F8FE459205F4,3
F9069F051AD1,1
F9072F36ECE7,3
F90A25704212,3
F90A6181BBCA,2
F9111CF0A009,3
F91EFD0443E6,1
F92C1E979556,0
F93A5B7E57AF,2
F951F260E983,2
F95CE6B81C75,1
F97469E0877C,3
F98F9BA65DFB,3
F98FEC21D9EA,1
F998E8BD71CF,1
F99B20789DD7,3
F99CE431D554,2
F9BE4676CA35,2
F9C298BF7CE5,1
F9C96F25D515,2
F9D0974B3AF7,1
F9DDE725DB74,2
F9E1434B2151,1
F9FEE5DC1640,1
FA0619D6A0DF,3
FA078892658B,1
FA08CD5A2E48,2
FA0A1D6FEE25,1
FA0A22FE957A,1
FA11AB7CD13F,0
FA130BF0072E,3
FA145FA7B678,0
FA2DE7E82907,2
FA314E23647E,3
FA38957FCAF6,3
FA3D872358BF,0
FA43581AD6D1,2
FA4D2DB3B9EA,2
FA55AEEF8F9C,1
FA568C27F0F5,2
FA5998D50575,2
FA5BCD4CBF5A,3
FA63EE28501A,2
FA72E7D170D5,2
FA87416EF173,3
FA9386DCB8DD,1
FA9E315D7939,0
FA9EEE4BF0AD,3
FAA0197AFF57,1
FAA9FC1B315B,0
FAAFFC983E47,0
FAB189F7E4DF,3
FABE0E966789,0
FAC0A72D62EE,3
FAC16838327F,2
FAC3F8F91C6F,0
FAC8305E209D,2
FAF2897C9B65,1
FAF6B6E4DFF4,0
FB1A86FB4BFC,0
FB2840C4B789,3
FB4D3D883D49,2
FB4EAE59106B,3
FB5F33FEC99F,2
FB68439D9CBA,3
FB687C2C7D4B,3
FB6F9B24FD1B,2
FB70FE5B31A8,1
FB73ABAB1D14,3
FBB5F20E7554,1
FBC269A9D3AE,2
FBC421A7BE79,1
FBE180CF324E,1
FBE8983EF69C,0
FBE9FF521DD1,0
FC0B49DA0438,0
FC2050EA9039,0
FC211F7815F2,1
FC2D44D20533,1
FC33EC420C9E,3
FC343CFBE807,1
FC36DBAE640B,0
FC5120C98AE7,2
FC69DC957116,1
FC723537E49B,1
FC7F226294EE,1
FC831CB27E25,3
FC86782120D3,0
FC9DA73D1EA0,2
FCAE7B948DCF,1
FCC2991C1760,1
FCD0FB7FE622,0
FCD5885AE01E,3
FCD96EA1E6E8,1
FCE7BA86AFDF,3
FCF714354720,2
FD0881855804,1
FD0C7DA5E69F,3
FD13023EE10A,0
FD22ECF287BD,2
FD418CE29DFC,1
FD462BF89F7D,3
FD48D4BB6F06,3
FD4C4EDC22DE,2
FD7B0090CFE0,0
FD7DC289E98E,3
FD972500F1EC,2
FD98A503573E,1
FD9A86C8DA31,3
FDA7648F8B49,2
FDB362959DDF,2
FDC94E0FE9C8,2
FDCBCA9B0636,2
FDE0B653AD74,1
FDF7C4F4BC4D,2
FDFB04ED3388,1
FE14D7378CFB,1
FE1D0E5EA2EB,3
FE2115055812,2
FE31D12E44FE,0
FE3CA06DDCA1,3
FE3F2F729D98,1
FE459F8CF4CE,1
FE4E3BB2DAE1,0
FE60E597467E,0
FE69FBDD5681,3
FE6D9B200002,3
FE6EC11C8877,2
FE700406E7D4,3
FE722240CBB7,0
FE7408E48786,3
FE7BFE19D977,0
FE7CACFB2B1A,1
FE822B3E72FC,2
FE8A54A36006,2
FE8B7167BD93,1
FE8BA4043788,3
FEA2C3FB45D1,0
FEA77A729AC3,2
FEAF4F517583,2
FEC5B79E4778,0
FEC7696871E4,0
FED42BB10805,1
FEDCB06D743F,3
FEE662801AF4,0
FF13996AB0B3,1
FF190BD8380B,0
FF197A6B15B2,1
FF2B30052436,2
FF4CBDA0E418,0
FF6224AC70C6,3
FF66DA76E15F,1
FF6F91DC4170,3
FF7698C3CC8B,2
FF76D397A73C,0
FF7FE6BD8509,0
FF8A189E3BE4,1
FF8BAC351714,2
FF8BCBD76108,3
FF9469424ED0,2
FF9C278EA478,0
FF9E0379CD98,3
FFA3D98123DC,1
FFA6690BC309,2
FFAEAF8D0C90,3
FFCDB2524616,0
FFD29828A873,1
FFD9A83B0849,1
FFDC4011AC9C,3
FFE16D704B16,2
FFED00D6E0BD,1
