,n_count,text_id
0,36,0016926B079C
1,60,0022683E9EA5
2,39,00299B378633
3,83,003885A45F42
4,33,0049B1DF5CCC
5,42,004AC288D833
6,47,005661280443
7,41,008DDDDD8E8D
8,82,009BCCC61C2A
9,62,009F4E9310CB
10,41,00B21F9B726F
11,52,00BCADB373EF
12,22,00D281524375
13,84,00ED2563D0B1
14,79,011AAA636F11
15,46,01350DF42AED
16,49,01405C3C569D
17,70,01501F95B8B2
18,30,017802562E71
19,27,01794F5F1423
20,55,017D2125A1DE
21,56,01911AC9674D
22,40,019BDC9DF7CD
23,87,01A65BA4080E
24,86,01B3FDB3FD57
25,25,01C53183305A
26,66,0230A077F5B6
27,87,025722D0AFB7
28,47,027CB6393714
29,26,02B07248077F
30,56,02B36EBD5C66
31,76,0316F6288791
32,39,032EA4B76BF5
33,69,036042533396
34,146,0369AD4B5726
35,78,037C88B5B111
36,60,037ED3EA2982
37,72,0381BBE47393
38,74,0383E4A36E46
39,37,03844422EA75
40,42,038480498E5A
41,47,03A3B40D651B
42,77,03C9E7A15C42
43,60,03CB73341E0E
44,93,03CC97D3747E
45,59,03D00899C901
46,49,03F7CF142B70
47,15,0420DDE0BABD
48,121,0435196871A1
49,133,043B9F48FDC2
50,164,04491B61A791
51,34,0465517EB6B7
52,48,04659704890C
53,66,046C6FB91CBA
54,97,046ECC91332C
55,33,04788D56AC58
56,88,047BD3CB80B4
57,52,0484BCFC725D
58,196,04ACA7EB3994
59,55,04B3A4DD9460
60,66,04B6FD84A066
61,39,04C2DA8069E7
62,47,04E1A9EE5BE1
63,58,04FA62C5F269
64,54,05021F4CA528
65,57,0506BAC596A7
66,25,050BFA60C6AF
67,48,0514D25768A0
68,38,051C3A22AEE0
69,47,053ACB9DFE74
70,29,053C05D2EE43
71,56,0546517E6BAA
72,48,0563F089C239
73,58,057E81E19740
74,85,057EE790CCEA
75,22,05903AA4540F
76,44,05ACEDBB9CB4
77,61,05CE0C0C5102
78,49,05E5653B781C
79,64,05EC08C05019
80,93,05F30981F3EB
81,58,05F54CEC774B
82,38,0607B495212F
83,35,061AF57CB05C
84,46,061D2BBACB45
85,73,0623DD5A8E8F
86,106,062AE7A344D3
87,75,063F809DE304
88,37,064423D845B1
89,37,06737289651D
90,48,06C9FC1267BB
91,23,06E81109FE92
92,166,06F368177993
93,115,06F5F6A09DC6
94,94,06FA8EF28227
95,86,070D792C65B7
96,29,074FA0221628
97,50,0756FC69B810
98,118,076262AA0CD5
99,38,0781753B768E
100,70,078201045481
101,64,079FDB42E429
102,134,07A4DAFDE5B7
103,70,07C6BB6ADA38
104,119,07CE77EA56C5
105,37,07D5647B11AE
106,41,07DFD9A0986B
107,48,07E1633CC87A
108,89,07F3241EB3C6
109,42,0803CE11A14A
110,69,083E12F6B1D0
111,54,084763DC1C8C
112,89,085C8B43ADD6
113,45,08683001D359
114,61,0877E6A813FE
115,91,08B25090A80C
116,49,08B72DCFD859
117,26,08D8232F2D78
118,23,08FAE6E0BDCC
119,56,08FC0154E0EF
120,57,08FC47A564AE
121,36,092BBD374359
122,61,0943E322C195
123,27,094684D6DD30
124,68,095E153640F7
125,27,0985602832CD
126,39,09A801B564F5
127,67,09ADB0629CD0
128,63,09EC2F6B0D24
129,56,0A082DA0A890
130,60,0A1482CD6163
131,65,0A324290AFE7
132,69,0A3964629F69
133,47,0A4CDC286F8C
134,52,0A8B8F282E45
135,68,0AAD73A0AA91
136,17,0AB62AE1C13F
137,46,0ABD502C5BF9
138,63,0AC3C87DC51A
139,22,0ACB3F8B9DF8
140,48,0AD69388300B
141,58,0AF4F757FBEA
142,110,0AFAD06336F3
143,48,0AFC8CE27321
144,71,0AFEC3CC53B5
145,74,0B00BC4CBABC
146,33,0B1599B11FCF
147,53,0B3118834B72
148,116,0B478E81218B
149,30,0B6316123881
150,62,0B720B5EA0E9
151,49,0B72A4344B3E
152,22,0B84A2B37B65
153,53,0B953049AE1E
154,78,0BB7AF7A448C
155,52,0BB9FAE6E27B
156,58,0BDADA3AFF77
157,57,0BEB8F7F5A64
158,35,0BF56A2681D3
159,48,0C1EDBE2EEC3
160,63,0C28481DFBB8
161,36,0C30A2A5D998
162,54,0C699C871AA5
163,88,0C7D385D812A
164,67,0C88A0C1602B
165,28,0C88E7BE611B
166,38,0C8D699DEE90
167,99,0C91926E2BC6
168,91,0CB1237268E3
169,50,0CCB18D0CAB7
170,19,0CFDDC1CF75A
171,59,0D00750E249B
172,51,0D0CADFF33DF
173,24,0D23E504FBC0
174,77,0D382343F3D7
175,55,0D5DA97CCEAE
176,25,0D65AF80CDE7
177,55,0D807ABE1BB3
178,37,0D8EC8868869
179,55,0D9288F0A6C9
180,2,0DB44DDF91E6
181,112,0DC7DEF31BE5
182,28,0DF2006FC8F1
183,91,0E03218FDD2F
184,60,0E07647BBC59
185,23,0E14B9D24898
186,15,0E22A47D358E
187,72,0E26C20CFBBE
188,57,0E3C1F059C31
189,59,0E4FA5AC1EC1
190,95,0E5C8FE6867B
191,58,0E6BB199BF93
192,65,0E9FC972215F
193,65,0EBED6896F51
194,144,0EC392C06372
195,83,0EC7D67618F4
196,47,0ED9E0B4AC30
197,36,0EE67777ABB5
198,19,0EEE49F99224
199,78,0F19DD8FEEDC
200,103,0F32DDCBECB6
201,104,0F3EC382C3CB
202,63,0F473C4B0103
203,31,0F563E567370
204,43,0F634E9B3E9C
205,61,0F7900292BB6
206,52,0F7DB6BD1AD5
207,75,0F8436260047
208,32,0F84CCFB4982
209,19,0F8F499BAAB9
210,17,0F9FDD188673
211,63,0FD73E4EED03
212,24,0FF307182628
213,45,0FFB44B5D0C2
214,73,101576652D3B
215,28,101E0C554F66
216,47,101E64C9DA0E
217,44,1087B6C7FB98
218,31,108CA77CBAB4
219,48,10988CD16BF3
220,24,109D8D4A91FC
221,73,10A367BB87EB
222,42,10AC7944DC4A
223,48,10BE9BFD7D41
224,71,10D0BBF44479
225,13,10D2D1173D36
226,43,10D3A9E5E79E
227,46,10D5A47D0859
228,35,10D60ACB3E5D
229,130,10DA9316D02D
230,24,10DF0ACB336C
231,45,10E11F30F47C
232,86,10ECA491D66C
233,26,10F5D7C3719C
234,63,112AA24D20BC
235,67,113436EC45E2
236,82,113B1543C433
237,106,11402548A471
238,39,11598C88FBA4
239,76,1170D6863F27
240,50,11DD0B26B584
241,45,11E5C01714C5
242,77,11E9348F5072
243,51,1202062A4FA5
244,51,1204D17C682A
245,46,120FE0B76D5C
246,61,1214E4605B0C
247,47,1247CB034EF7
248,37,125C1167A84A
249,51,125CD13D5FA4
250,35,125E7C6E0D31
251,45,126555810C31
252,44,1271A68BDC00
253,53,1274667FF6E3
254,36,12796C5A0480
255,57,128161F8B117
256,46,12920189F7BB
257,27,12CA89146E91
258,99,12E3D52345C6
259,103,12F2BF34883F
260,66,12F89E196E97
261,61,12FE853D6B88
262,93,1300AD075785
263,91,130CA439835B
264,127,13450D581EC9
265,51,1348668DF845
266,55,134937CE445C
267,46,13578C0BCC3C
268,47,136B3124BE79
269,44,136F4548CFD0
270,100,13A94BBE2B24
271,75,13AB4CC7F80F
272,32,13C400DD9794
273,88,13D960FD28CD
274,9,13E1CB9819CB
275,47,13FDCF58A955
276,99,14409A305AB3
277,77,144671E445D0
278,84,1451EA314B8A
279,76,14AC534FFE42
280,62,14CC79B9F334
281,42,14D2867090F2
282,60,14ED79D68BC4
283,51,14EE006078C4
284,29,150C42083D49
285,114,15125AF6CB82
286,58,1535E922B3AA
287,113,153C3543E432
288,31,15847C58ED47
289,73,1590895B2332
290,53,1594F1B5DED6
291,57,15968BD9B40A
292,103,15AC952FFBC1
293,99,15B68B826F8D
294,42,15BD3759DC85
295,176,15BDA0989B56
296,57,15D10C4DBA29
297,60,15F6B5C6229A
298,48,15FD5B635B50
299,143,16005A45A20A
300,107,161779A176BD
301,67,161E5C8A6719
302,35,161F2D351A92
303,58,163A54729CAA
304,40,163AC455E1DF
305,62,1649A2246587
306,50,164D6D056A48
307,20,168958FC7315
308,37,168C858F93A3
309,35,16B45E8AA9F3
310,19,16B9EB49892E
311,66,16C3B49CFB43
312,105,16C794A0F479
313,63,16DA6810DEF3
314,78,16DEF72E220A
315,72,1703E46B4DC9
316,122,17085E68BA88
317,68,171E655CC8F1
318,53,1721F085F81E
319,87,17230E94E6CF
320,39,172C8C3F5976
321,31,172F67E7FBBC
322,92,1736153EF81F
323,31,174C4761FEA2
324,36,1767698C3969
325,44,17D51D57629D
326,38,17E1D83B4708
327,32,17E521D5F29C
328,19,1829D6D139C2
329,54,1846CE5F244D
330,60,1849B89A02D6
331,80,185E2F7317F2
332,30,188FE8830590
333,44,18D47A791678
334,54,18EA27A2E333
335,54,18FDAA0BF6A2
336,48,1928846BB272
337,71,192D02CF8C9E
338,95,194E86ED4117
339,81,196096A1C048
340,33,196EE083F6D0
341,33,197F95A99618
342,31,19864CA2672E
343,32,198F2ABF2971
344,68,19D55405175F
345,96,19DDF17CA4DC
346,20,1A039B3091BA
347,68,1A17F32415FD
348,30,1A2894059051
349,108,1A2895AB84D7
350,30,1A3D750157B1
351,111,1A469EB86263
352,55,1A56FC79C084
353,80,1AA55FB101FD
354,50,1AD12415C4DB
355,114,1AE2E7D8DFA3
356,156,1B056DE0E856
357,87,1B2274161889
358,53,1B4C8AD95EB5
359,90,1B622A28EDD9
360,54,1B7B007D6E1C
361,80,1B981E7E59C5
362,44,1BA1FD29BF69
363,61,1BAD681F72CB
364,58,1BC40A063549
365,105,1BD023792E29
366,35,1BE17E2DA549
367,34,1BE638E9C951
368,46,1BEADE7B4160
369,41,1C0E34879BB0
370,59,1C17939C40A7
371,86,1C1E049AB15F
372,44,1C2665B95694
373,71,1C31DA60C28D
374,67,1C65B8D20F73
375,86,1C911B0C2A2D
376,56,1CB9668F242D
377,19,1CC7C3E50765
378,9,1CE5DBCEF2CE
379,41,1CF3776F970D
380,43,1CFAD2A1BC00
381,29,1CFAD594A087
382,46,1D1C40F5718C
383,11,1D2C46F51793
384,48,1D31AE0453BC
385,136,1D327ADD95AA
386,71,1D47271C213D
387,39,1D75D76AC202
388,27,1D82FAFE677B
389,88,1D8BDC81DE2C
390,55,1D944BF5BE87
391,142,1DB195AA7BE3
392,100,1DDA34D8E4D3
393,40,1DDC2D1DB4EE
394,37,1DE0E7C48DF0
395,67,1DFACB5D0C9E
396,44,1DFAE221EE14
397,103,1E11EA73C7B3
398,54,1E176F592611
399,69,1E2B10DC7A53
400,39,1E492FE5045A
401,65,1E4E4216EB39
402,44,1E6F7CF7470E
403,37,1E7CF4875ED5
404,79,1E8ABB190763
405,20,1EB4D8BFB732
406,116,1EEA95D39409
407,54,1F0A461A2589
408,47,1F217579A773
409,74,1F28812EE23D
410,42,1F3620A2965E
411,116,1F4961D46D29
412,24,1F50675D8683
413,89,1F7FD80F4396
414,33,1F9C0492FB8A
415,40,1FAC31F5C8DC
416,18,1FACF7E8D0A7
417,76,1FB89CF59E5B
418,73,1FB9B9E08786
419,14,1FC46D4B9D8C
420,74,1FE3EE0E16A8
421,85,2003BF2E6DD0
422,81,200671752EE0
423,60,2010889A6522
424,32,202C217E354A
425,54,205069BE2E53
426,47,205D590BCBB1
427,41,206522E53696
428,52,2082C42A8F43
429,50,209A6BC99DB9
430,51,20A2147B6DB8
431,50,20A42E81AC2B
432,25,20AA145EB328
433,97,20BC5CCE8C64
434,35,20CF9410DC4A
435,81,20E194B18D0E
436,91,20E2B07931F3
437,46,20FB731C7598
438,112,2116231D1DC4
439,44,211699D25472
440,51,214EC21D1403
441,83,21535555126A
442,52,2157AE4AFAA6
443,94,21737947650E
444,47,21741500885B
445,50,2175BC2F7C2C
446,93,21884C3DC96A
447,62,219A0A3B6B5D
448,59,21B100A503DC
449,97,21EFAE02832D
450,77,21F8069EC7F7
451,44,21FB103CCBBF
452,45,221BA383246D
453,63,222D14189E1F
454,42,223FCA37F79D
455,49,2265CC4410DE
456,77,227569D39F6D
457,109,2286BCFF86EB
458,52,2299FA736E92
459,63,22BF4720FB84
460,110,22CFD6C961E3
461,38,22D02123C65D
462,121,22E55C32A973
463,78,22F16C83DE10
464,32,22F571F54234
465,78,22FDAB421C71
466,53,2327EC67A339
467,44,232A59426B1E
468,36,234F1BA430B7
469,19,2358C2CE9966
470,63,2379CD1725FE
471,118,23958A3106EA
472,56,239A72DE1E35
473,60,23B40A807A4E
474,68,23D5BA721F52
475,71,23F0ABEF8370
476,45,23FC0A3DF4C9
477,53,24050FFA49AE
478,128,244973AE9715
479,89,245B5CD11772
480,20,24615FD199BE
481,126,248407B5DBB2
482,48,24B8DF4DA85A
483,64,24C508ED6FE2
484,40,24C654C85C1F
485,88,24DAF94F0A18
486,48,24E7F271035B
487,47,25130AAA9552
488,18,25248BD3EEC2
489,59,253108CDC69F
490,67,2538542762C0
491,95,253B2D521F14
492,105,25518B329285
493,71,25597135F582
494,64,2567C158F746
495,27,2568B64DB374
496,18,257D0126F271
497,40,2580A540719C
498,57,25BFA95D04DE
499,54,25BFEA75C65A
500,87,25F1B2374A32
501,69,25FA30699A04
502,42,2623A90F72B9
503,22,2637F9BEE7D3
504,39,263A29FC4FB1
505,66,263C2C01BC08
506,61,265FCDBBF0C1
507,47,2675A97C2B76
508,71,26788FA4ED04
509,36,269026CFBEC9
510,62,269101ABF266
511,33,26D32FF6313F
512,64,26E2AD762E9B
513,26,26EA99485576
514,49,2716F5E20A4F
515,40,2723DB12AC00
516,90,272CA21BAE13
517,42,277A95AC0190
518,44,278DE0BFACBF
519,26,279245CFCCF4
520,12,27B8304D6E89
521,69,27D80E5F87B1
522,79,27E725D251A8
523,54,27FC2D31B704
524,31,280F4A13DE2B
525,42,281AB73DF311
526,59,2844FD2BF83B
527,65,28494A144B1A
528,79,2855CD45984F
529,85,28639BE05BB7
530,61,28661F47D728
531,134,286FE6743E88
532,28,287BE4F26530
533,97,28930E0B8820
534,80,28C8F048A469
535,65,28FF89DC3B40
536,28,2909EE180A2A
537,77,292E635496C4
538,102,293A93F037A7
539,56,2940713292A0
540,82,294C41270CAB
541,92,296B1DD1E251
542,76,297ABDDBAA92
543,124,298969937643
544,42,29905A8482BC
545,98,29B364A33B4E
546,88,29BB45AA907C
547,26,29BEFF0B3FA0
548,8,29E1FB4B1D42
549,42,29FCF6DFFFFC
550,33,2A18E2265D9E
551,69,2A2AE5FB899F
552,82,2A4B5673EBAC
553,32,2A60299D5D14
554,52,2A6F8A794455
555,38,2A7997AE8E72
556,71,2A96CE614119
557,70,2A9FC8634742
558,62,2AAA5F2F5270
559,24,2AC1514AB3B0
560,23,2ACDFF7FCAAA
561,71,2ACFD4F32565
562,50,2B015051803E
563,63,2B0888CD4C15
564,80,2B3CB2A6D7D0
565,177,2B4AB39B1C76
566,31,2B621C2F0716
567,38,2B62F285FD21
568,63,2B66CE2870AD
569,93,2B69ADAD868C
570,33,2B6BA642E4F5
571,51,2B6FE734CB4E
572,109,2B9C5C3BB7B9
573,87,2B9FE67B7465
574,99,2BA422F3619F
575,112,2BAF09F7004D
576,58,2BAFBD6D9755
577,34,2BE11993FB5F
578,62,2BE976C99FDF
579,87,2BFB0A8F50E1
580,27,2C0F002E8882
581,75,2C34CE94B837
582,11,2C38B62420C3
583,58,2C4DE9FD3734
584,69,2C58AE2BD566
585,44,2C681168A674
586,65,2C76B87A843F
587,25,2C7750B811F3
588,91,2C7A6E04F7D0
589,73,2C8802241F51
590,116,2C94D8BCF2F9
591,114,2C9EA803FF3A
592,75,2CAAF1F40F49
593,154,2CD73298526F
594,116,2CDDE76979DD
595,63,2D0A261453D0
596,13,2D194F068B93
597,47,2D3E794C5206
598,81,2D508127DEF1
599,31,2D5A9BEEB30D
600,114,2D63639F997F
601,41,2D6FA4DEBFD6
602,97,2D8464A3BD5B
603,32,2D940E7F240C
604,75,2DAA07621328
605,75,2DDFC0DFC442
606,29,2DE38160D46B
607,50,2DFC9CC1793A
608,38,2E043F67934C
609,71,2E3FC44757FB
610,45,2E5A3E5FD179
611,28,2E6495FC2C72
612,80,2E8A8C550F8D
613,57,2E8C8C439D36
614,51,2E98035B8362
615,60,2EA9DA7AAD2C
616,92,2EB94A444839
617,54,2EBC2F60AAE9
618,62,2EC0647293F6
619,30,2EEB160A4BD1
620,80,2EEEE9C5E227
621,44,2EF984473EC5
622,40,2F10C8035FEA
623,78,2F268BE28055
624,52,2F3210D23414
625,57,2F3E35DA88B0
626,70,2F56C4AD3F46
627,97,2F7B0CE01B4B
628,59,2F81111E7831
629,42,2F93B934ED27
630,87,2FE31DD4FD98
631,18,3012637E06B5
632,49,301A4BFAE56A
633,63,305EFA6DBBBF
634,39,306796D0279E
635,121,307D618AF467
636,43,30A7E68EFC88
637,46,30B9B18CCCC2
638,50,30DDC17D2986
639,61,30FE0B8168BE
640,113,310CDA45739E
641,79,3134FDB9DB86
642,46,3137C16C109D
643,29,31490B1FA765
644,41,314E6ED40C6A
645,57,31B604C7D90F
646,23,31D67F9A82BA
647,79,31EEF9A4A29B
648,58,32380C91070A
649,26,323F5DADC975
650,15,325B2F7BB3B1
651,58,327AAC23CF5D
652,111,327EB11122D0
653,61,327F36243259
654,49,327F4BCC9E4B
655,51,32A1DC59F4EF
656,145,32B2D5592E1D
657,122,32E2949B0C66
658,87,331103D7D5CF
659,125,33113B7D1125
660,60,331760E7A5CB
661,94,331D60E145C4
662,63,332F7B4392BA
663,65,33ADAAB38BFC
664,40,33AF50FB5ED9
665,117,33CC5A37AC8C
666,65,33CCEE3933ED
667,63,33CFC6838E04
668,70,33DEFCDAD05F
669,42,33E25E6A8028
670,47,33E7F1C7E399
671,75,33F18D5D8867
672,110,340BCFE7E249
673,26,3418CB8125B3
674,38,34317A7F1262
675,65,3438C0C5ACEA
676,57,343A80DD6FB3
677,82,344D7B1A7E49
678,0,34553E598A00
679,44,346D75CE413A
680,61,346E77F08903
681,48,34716B652420
682,129,3498E7E2DAB6
683,111,349FF2E7D179
684,93,34A066E69905
685,52,34AC1808D15A
686,57,34C829F3DC6A
687,118,34D76C62269C
688,80,34E4FB64EEBA
689,59,34E9C436DECE
690,57,34F016931102
691,52,352F0193E251
692,67,3550660EE2EC
693,78,3564BBEC4A09
694,29,3567E4ED2023
695,68,35954693FE8E
696,51,35A1342EF397
697,64,35A7E263AC71
698,108,35C5C7E2BB5E
699,79,35CF1B2B1326
700,50,35D43561EE62
701,34,35D50C79C5CB
702,112,35D983476332
703,40,35E552843ADF
704,147,36035C063AB3
705,34,363295DC545F
706,54,3651697D855B
707,37,36677FE57D6B
708,75,367781F47105
709,112,3691B4714FD5
710,38,36A5035117B4
711,52,36A74F4F050A
712,67,36B2E183713B
713,26,36BBFBB5EA41
714,39,36F66596E3B7
715,39,371739A95793
716,85,37193A72B5D2
717,78,3741D275F8BC
718,51,374CF6E834A5
719,16,375ABFC3D6F5
720,52,3766B7A3A5E0
721,92,37A8D06A04AC
722,8,37D67E614E05
723,41,37DD80EFE4D4
724,24,380164B1BAB5
725,203,3814F9116CD1
726,78,3816B67C0B31
727,87,38203808F81B
728,64,3821238FE334
729,141,38452CB371C9
730,42,386C2A01AD9D
731,41,387857083AAE
732,53,389752B5BECF
733,37,3898358B58BB
734,16,38AB1DF25E7F
735,58,38B60A8516C2
736,22,38CADC812CBA
737,35,38DF7BD353A9
738,29,38EE843B5CD1
739,85,38FA6185D43F
740,73,3904D0B954A3
741,40,392BCD798D37
742,129,39492CE9549E
743,85,394F5867B7EC
744,38,395189B8B76B
745,110,39524C93F4D4
746,40,39776B3A4C70
747,97,3991A6F647D3
748,87,39929B24673E
749,90,39B3FC0EAE2A
750,43,39B6454376C8
751,36,39BB85E5CB5A
752,133,39E0A362CF29
753,63,39F27C7223DB
754,82,39F578D9212E
755,78,3A2DBB1E0556
756,32,3A38B9DD6723
757,47,3A71C888CE45
758,75,3A94013B23DD
759,66,3A9630FC8DFA
760,54,3ACDDFC9DD0C
761,48,3AD5BFDC11E4
762,73,3ADC97CB1DB6
763,115,3AFA78FFFC15
764,74,3B2DADB10DCA
765,62,3B355996A407
766,40,3B6893E9CA71
767,61,3B81809AA132
768,80,3B851F58BCDC
769,62,3B8E36166444
770,37,3B93AE972238
771,37,3BD4B53512BD
772,32,3BDF36560245
773,42,3BE469553D75
774,51,3BEF322748A1
775,51,3BFECA0F8470
776,40,3C2AFBFEDA6B
777,92,3C487F5D1994
778,78,3C56844D4CF0
779,162,3C693CBFEFB5
780,56,3C78D0790E7B
781,86,3CACE02FBD5C
782,46,3CD660D1E7BB
783,37,3CDCFB2C7F25
784,141,3CDD56FF3477
785,79,3CED6DDF77BE
786,41,3D29C845934D
787,36,3D3C80EF2AAA
788,122,3D4475C949C2
789,65,3D72844EC5B0
790,51,3D739817CC30
791,57,3D8CF58944E1
792,48,3DAC64829E27
793,52,3DB503D247B3
794,53,3DC3405DF531
795,41,3DC539E4E871
796,181,3DCF3E6F4A13
797,47,3DE204C5895E
798,78,3DFE1FE3FCE8
799,135,3E156DCB07C7
800,23,3E170458E9A1
801,52,3E1A0BAC4372
802,42,3E4B70F8555C
803,22,3E500A5390C1
804,84,3E607F7C98ED
805,68,3E6C6F1FE64D
806,23,3E750EB9F5C5
807,126,3E7DE9C1C160
808,52,3E9A664FFD33
809,86,3E9DF0451049
810,31,3EA2BA9DAB33
811,93,3EC60741B7BF
812,38,3EEB66F3630C
813,60,3EEEF86719CD
814,41,3F1E511E2E1E
815,88,3F1ED9A56002
816,115,3F20E4B1AA0D
817,78,3F2941C11D95
818,67,3F30E7FDE6F1
819,38,3F3DC123EDF6
820,45,3F4A9ACFEDFB
821,43,3F4D8262235A
822,53,3F645E7A81DB
823,37,3F722ACC887E
824,66,3F80F96A6F5A
825,61,3F908BB271AA
826,47,3FC8F9902F11
827,55,3FD4C280E4EF
828,130,3FE7AF072783
829,38,4000ADB040FE
830,75,4002D91C6B6C
831,117,400E5AA27067
832,21,4025349AD977
833,23,402843726F3B
834,81,402CAB074577
835,35,4032ED0063E4
836,44,40331978F344
837,53,40467A05CC2A
838,23,405CEC6E7F5D
839,20,40788D50B102
840,58,408A7D3D2EEC
841,77,40AA29D2F32B
842,56,40AF66A621E0
843,65,40C0290A53F1
844,53,40DB9B4FC90A
845,62,40DD3FF566D8
846,69,40E6BC53EC01
847,51,410957337087
848,44,410D72D3CCE8
849,37,410E1DE75773
850,22,4148186C6D84
851,28,41641B53F554
852,66,41A2385450D9
853,28,41BB825BAEBB
854,53,41D5C14587DA
855,61,41D9E5A1342B
856,94,41D9F5D10332
857,81,41DF6D292056
858,66,41EAC230D430
859,38,41F8A61B0BB8
860,52,420269F2DE40
861,43,421FA3CBFD5C
862,27,4228BAB7F096
863,61,423B413192FA
864,141,424005E31A04
865,57,4248882EDCCC
866,63,4256A9A1767F
867,78,42587039161D
868,32,4288F88C8D15
869,99,42AD5E1F4167
870,49,42BF43BF8DBE
871,52,42DB5DABA590
872,27,42F8715D04A3
873,64,430762044028
874,57,4351657CEC2F
875,34,43533F92E05B
876,87,4353BF70C4A3
877,31,436450E48EC8
878,30,437B5914340E
879,145,43AE9E4D0EFC
880,87,43B0E1211D58
881,101,43EE2C3C7EB5
882,22,441097905601
883,53,442CFAE61CC3
884,63,443AA4F38C8B
885,105,444D784C5791
886,75,4462E068017D
887,28,446CE95CF3F2
888,65,447221C3FA00
889,61,4477C08B4960
890,60,44B06B4A6D7E
891,103,44BD35E3BD1D
892,101,44C1594D0950
893,52,44D395C2AD83
894,55,44D6EEDAE5BD
895,38,44DCCF637033
896,60,44E2726DA1B3
897,67,450A7F9AC54A
898,44,451321E506A6
899,38,451A840C382E
900,114,451E8369BB76
901,56,45291197F292
902,46,453ACA22D3B4
903,53,453F18C3C8BD
904,97,45697CF2448C
905,8,457A4416559B
906,52,4585DE769AE9
907,51,45A86623B659
908,71,45DF17CF4937
909,53,45E5B6DE09E9
910,46,45E9622CF8F7
911,24,4608287E9B30
912,19,462769ABDD5B
913,73,462832DCD932
914,88,46302B93EF09
915,59,46484B622DF0
916,109,4665A1D77D6C
917,92,4668B9F74078
918,49,46977B27324C
919,49,46AD88A6F157
920,19,46BB96D9BC9B
921,39,46D16CB314CD
922,61,46E550A148DF
923,39,46EC00DDBCF9
924,60,46EF1F716C52
925,74,47006CCC27EC
926,59,470D092F3831
927,32,471BD41D6BA9
928,54,471C6119911D
929,85,47261D6E0F08
930,68,473FF163E44A
931,49,4744A861D13F
932,16,47470951BBDB
933,116,474D243CD03A
934,14,4751F39ECBC5
935,78,4758405809B3
936,86,475AAF4D130E
937,77,477B00F899E2
938,67,47DD29AF666C
939,61,4800E073664A
940,52,480C577BC8C9
941,45,4810EA26495B
942,62,48292985CC59
943,42,483EE18C996B
944,24,4843C41AAF24
945,109,4844CF56336D
946,45,4861FFA6F6CE
947,28,48837626943D
948,27,48940AA0656E
949,62,48AC182E4ADC
950,74,48ADCBFC8376
951,52,48BBB107A05C
952,45,48EA282A4EAF
953,128,48F7FCAD8B23
954,42,4906FE42D823
955,27,49096A420708
956,68,491FA41A1499
957,67,495A94390744
958,26,49605B65EA8D
959,50,49619EA08A55
960,84,4967076F4E7F
961,109,49718724CB84
962,51,4975FA2ABC9D
963,46,49C5BCE4CD28
964,80,49CBF98C0292
965,49,49D2A80F1484
966,30,49DA281C7585
967,33,49E2BDE820BD
968,41,49E375E8CA7B
969,64,49F54A35F6F3
970,53,4A38761A2CBB
971,64,4A4B45273A9D
972,93,4A87CFC37238
973,31,4A8E42EE9569
974,62,4A9DB943D7D5
975,32,4AAD1243DE3D
976,54,4ABC0ED00F91
977,14,4AC16314867E
978,89,4ACFA2D3D0A1
979,30,4AF3A09B2EF7
980,81,4B0CF2CFCB4A
981,48,4B0F6070B45A
982,107,4B174612FD60
983,39,4B4A48BAED30
984,70,4B6DF39107CC
985,58,4B907938595D
986,64,4B957C430005
987,84,4BA9296EBE9F
988,38,4BBB3BA80E0E
989,49,4BBBDC46A47C
990,58,4BE3F5DCD6C9
991,24,4BF17A253013
992,51,4BFB5768916D
993,65,4C0ECF107EC5
994,37,4C17DB6FF2DC
995,34,4C1C3000E7C6
996,63,4C3AFB55C4F7
997,42,4C60445C5681
998,85,4C6B05BD5A81
999,69,4CB5C9A9AD5A
1000,34,4CB787139508
1001,103,4CFAF19AF547
1002,46,4D23A7FA9408
1003,53,4D35A86F4929
1004,22,4D377B163021
1005,60,4D3C1E2D2E03
1006,48,4D3CF318797A
1007,29,4D65BE0B15B8
1008,62,4D7E52C79A3D
1009,83,4D816E688FBD
1010,52,4DAACF629E7F
1011,44,4DB99E2F46E3
1012,58,4DBC5B5272FF
1013,93,4DBF966A37CA
1014,30,4DCA7736B00C
1015,22,4DD1ED4D20D2
1016,52,4E0094B179E0
1017,54,4E0F689E099B
1018,29,4E0FDE02216A
1019,142,4E13812BC1ED
1020,13,4E1C62576A76
1021,105,4E22E3143561
1022,30,4E29345CF8A9
1023,48,4E443B00DBFA
1024,25,4E59508F6D0B
1025,25,4E7DD441DAC8
1026,62,4E81E4116D94
1027,11,4E8ED336CF7E
1028,57,4E91C3BA11D0
1029,81,4EB117877F23
1030,35,4EB4E8611272
1031,35,4ED1965FD68F
1032,34,4EE0B81B9133
1033,34,4EECC9B3CF7F
1034,41,4F158CCF45AC
1035,68,4F22FF7F59A0
1036,91,4F35BA561593
1037,29,4F5775B0B88D
1038,42,4F6A4668D513
1039,94,4F75DF4CEBE9
1040,19,4F7F24918F42
1041,72,4F89EB8CB97F
1042,43,4F98619F7A18
1043,28,4FA6CCB0D1BA
1044,33,4FCEF99DE6F0
1045,67,4FD4CE18CCDF
1046,66,4FD5B8B612C6
1047,32,4FE6EABBFC00
1048,107,4FFF2AD2EAE8
1049,124,503960784148
1050,69,50419253BA19
1051,57,5056C7637313
1052,68,50611B996992
1053,42,5061F044BC43
1054,71,506A69171959
1055,72,5077C09B20DC
1056,50,508A9EC12C44
1057,66,5098F28A2EF3
1058,52,50E361CD561E
1059,38,510CA49B78BB
1060,101,5132328226C2
1061,66,515244292F97
1062,16,516E5D64BF6E
1063,181,519A1A92C8C8
1064,70,51BAD5699073
1065,43,51C93A7260DE
1066,131,51CE1DCC5307
1067,141,51DA4BA94C7C
1068,18,51DD6A82BD9D
1069,35,51E3EAF96CD0
1070,41,520EAF052C7E
1071,50,52105DDA12EB
1072,104,523130079501
1073,84,5241864FBC48
1074,133,524CD617574D
1075,23,525E9A75CAA0
1076,68,526E417A97BD
1077,72,529A633179FF
1078,83,52A8DE60E2D4
1079,43,52AD70C9FE05
1080,39,52B24BAEDC8C
1081,79,52D0FED6AF38
1082,78,52DC3B7C3952
1083,43,52F0677ACD21
1084,106,52F9582F9C86
1085,86,52FEF34F4AC7
1086,85,532528134425
1087,45,5335796068E8
1088,53,5355F44A1FE4
1089,46,535D427F9FF9
1090,93,53607F113053
1091,63,53633B5F5F15
1092,76,5384378F1AC2
1093,31,53CF6D801CAF
1094,49,53D17839AAC0
1095,21,53E542321463
1096,40,54099C3AE7CE
1097,64,54304ACFE477
1098,73,545E9BF477C1
1099,47,548EC5B339E3
1100,96,5494132B7229
1101,39,54AC60510DC3
1102,65,54D835ADB326
1103,31,550D53DE2832
1104,78,55174E1DFC5B
1105,84,5564D9D8C845
1106,44,5574E4DD548A
1107,62,558B9106B99B
1108,16,558C7F83201B
1109,57,559902F0A513
1110,54,55AEC9A9BB4C
1111,140,55C7EC027A88
1112,48,56053054CB1F
1113,77,56080A912BB5
1114,64,5630E056A0DB
1115,60,56579FB8A60B
1116,139,5666CD4AA5CD
1117,29,56AC4BE71C2F
1118,73,56C4259AA5C2
1119,40,56E188D44884
1120,62,56E32CEEB127
1121,49,56F9E8427D97
1122,10,5704CCBC8B55
1123,126,570595740274
1124,77,573E39E45177
1125,67,5754104B2928
1126,41,579603CA894B
1127,77,57A6B1103088
1128,50,57A750437C3A
1129,103,57B782277D2F
1130,67,57D4C53890E6
1131,88,57DFE525E50A
1132,94,57E8161AEF27
1133,39,57ED5BC70E40
1134,55,5807D5F42CEB
1135,33,58255BF759C0
1136,69,5828FAC247DF
1137,56,583DC3D2E7FC
1138,28,584A4BB1E954
1139,31,584C6453CA5A
1140,69,58567312BDAB
1141,30,588B09153941
1142,74,589CEB00ED37
1143,73,58A9AE90D009
1144,38,58E485E875D5
1145,69,58EBDB3621E5
1146,44,58EF6CAF956B
1147,16,58F6D70A2DC7
1148,46,5902C2E86345
1149,131,5902D762C891
1150,29,591164D3C800
1151,74,5915757AEE1A
1152,42,591B7E3E2B40
1153,46,5923F6631724
1154,24,593E2802E27C
1155,59,597618D3F66C
1156,98,597D76A3BF40
1157,77,5985EA6F171A
1158,57,598C1E9B27C8
1159,44,599128B82FF0
1160,63,59981B992996
1161,4,59ADAA4D04E5
1162,56,59CE34172C44
1163,52,59E62F702421
1164,97,5A3B42349C84
1165,14,5A74C94F9813
1166,34,5A89482533D9
1167,55,5A8CC59C2D7D
1168,94,5A977087E7E8
1169,126,5A9C20C851FD
1170,20,5AA45740A848
1171,40,5AAD796F4D6B
1172,71,5AC16E188F1B
1173,77,5AC1AB0965F6
1174,65,5ADD410B9783
1175,28,5AEAF1C7B87C
1176,54,5AFBB5573AB3
1177,21,5B0E80E62A8C
1178,55,5B14D81A0167
1179,81,5B2FC963E89D
1180,85,5B40AA0E6C2B
1181,38,5BE99F2E4030
1182,30,5BF6D0C37809
1183,62,5BF7AAC78AB5
1184,66,5C017EF0CF1E
1185,40,5C05D79FE75A
1186,27,5C2A497012B9
1187,33,5C31B4B9B185
1188,59,5C3757B0C6AE
1189,70,5C3A7990C870
1190,43,5C656CD57F67
1191,73,5C69070E1E48
1192,64,5C6CE74DEBCB
1193,89,5C72AB0B1232
1194,94,5C764A810680
1195,35,5C9B1FB411EB
1196,61,5CA2DCC616C6
1197,112,5CAA840DD4C6
1198,25,5CB186BF742C
1199,164,5CF895003869
1200,38,5D12067722AD
1201,50,5D2B8506EC4F
1202,66,5D4D6519DF94
1203,104,5D5672D7C97D
1204,80,5D693DD9978D
1205,30,5D742A0E0623
1206,109,5D7D1445A7CF
1207,67,5D843D1CD37D
1208,65,5DA3135B6664
1209,35,5DB370AD8EFB
1210,47,5DD1954E47A8
1211,68,5DEDECE96044
1212,80,5E3EA4C47C9A
1213,22,5E49CEB56FB3
1214,47,5E830B6462DB
1215,42,5EA0A8768F94
1216,20,5EA71157D48F
1217,21,5EA76942F5C7
1218,31,5EAC31CA561A
1219,101,5EB7A0B134B4
1220,47,5EC5534F533A
1221,100,5EE526AB840B
1222,70,5EF21F142C51
1223,49,5EFD8FA4133A
1224,52,5EFF1BA0FBC1
1225,96,5F1183463E9D
1226,64,5F370D929BA7
1227,43,5F407964AF46
1228,102,5F467A8F3896
1229,85,5F4D9997A207
1230,55,5F5E1817CCA0
1231,52,5F679622B317
1232,100,5F67A5D3DBB0
1233,107,5F8195FBA0CA
1234,90,5F88187C25B8
1235,35,5F8F76B7A6FD
1236,37,5F998012DDCD
1237,64,5FBDFD6DB173
1238,82,5FC3C342E64E
1239,25,5FC620AEDC8B
1240,24,5FE4F223CEA8
1241,45,5FEB3F213A84
1242,9,5FFB959ED7BA
1243,29,6013DA298542
1244,50,602E786321EA
1245,98,603863409B06
1246,83,604E0EA00305
1247,33,605BF3B67175
1248,43,605C1B4CE788
1249,76,605DDF3EA948
1250,74,6060D28C05B6
1251,59,60623DB5DE7A
1252,53,607A39D981DE
1253,35,60ACDFA1609E
1254,21,60AE13D3F07B
1255,36,60AEEA05E1A9
1256,61,60CCF0F2DF38
1257,81,60D8EB883A45
1258,174,60D9DD69CE8D
1259,38,60E686BA1E09
1260,99,60E9300D597C
1261,50,60ED0B48B8F2
1262,68,60FD2E2FB768
1263,96,610FA0016255
1264,36,6130E5495CB1
1265,53,6134797D8497
1266,47,6141DB282925
1267,59,61445D1ABF16
1268,35,61471CA2532D
1269,68,615FAEE4F8EF
1270,24,616C3D5795E8
1271,30,6186246910E1
1272,35,61992F84D5D1
1273,66,61B9D7E74839
1274,55,61C4FCA012D7
1275,81,61D13513C992
1276,33,61E85C09E36D
1277,94,62102D1B1A52
1278,88,62196AC0ABE8
1279,98,62243789233B
1280,53,622ECD91DA0C
1281,49,623B7BD7613C
1282,66,623E0AD2EF3E
1283,142,6253F73FBABF
1284,67,62654020C48D
1285,39,6269A525D482
1286,122,62B3C9C3398E
1287,22,62DCD859B7FB
1288,75,62E5030D1A59
1289,68,62EA3F855DB2
1290,82,62EDBC22A953
1291,29,62F578BA97ED
1292,38,62F7911DE51F
1293,42,6305A432AB38
1294,60,631F9CBDFD7A
1295,38,6330EB716872
1296,116,63314DE11287
1297,100,638D7F913AAB
1298,95,63AB55DADABF
1299,66,63AB7F39EBC6
1300,24,63BAE4B3ADDA
1301,60,63C74FF7DB27
1302,53,63E2278271E4
1303,76,6418C102917D
1304,36,6422237D967F
1305,38,642CB997325C
1306,62,642E44E8DD25
1307,24,648D40256ADB
1308,31,649C7912163C
1309,58,64A8183557F7
1310,111,64A9ECB1C55A
1311,63,64AE19BBA321
1312,40,64B53DEF0467
1313,63,64EB91C84A32
1314,47,65051CE36DA7
1315,29,65131EC5DD6A
1316,55,6515E6AFD11E
1317,62,6521895BA018
1318,69,6531927DF837
1319,22,653620381DB3
1320,45,654DF9ECDD42
1321,50,65593BCE26BF
1322,78,655BD307F87D
1323,100,6574B5B58A11
1324,127,6586DF43A92D
1325,50,65975436BE5C
1326,56,65B1F548E8BE
1327,75,65B7FDE783F2
1328,74,65CC82C9B3C9
1329,84,65DBDD75CA50
1330,41,66133AC6189A
1331,27,66241AEC8351
1332,42,66288718AF60
1333,100,6642E181B08D
1334,49,6686DB25FBD0
1335,127,66C2FA45A48B
1336,46,66F03584BCA5
1337,112,66F7AD6B99E2
1338,46,66F8D7FB98BE
1339,75,66FF0907BF26
1340,112,6712BD512DB7
1341,27,674F5DA988D2
1342,46,6751442A85E4
1343,18,676A161C4CEE
1344,44,6792C2E73B6A
1345,111,67D58F9FA53C
1346,77,67D7FC66C2F6
1347,32,67DD73D48474
1348,88,67E711AF87A2
1349,76,67F6FEDD7677
1350,83,68004683BC3C
1351,88,6805FE96E548
1352,29,681B9CD21B07
1353,50,68256AC96C72
1354,75,682B94FF269B
1355,65,68392F53B9D7
1356,61,683A4FE3661C
1357,5,684166ED2438
1358,84,685ABA004ADB
1359,124,6867A6767D25
1360,94,68685615FE0C
1361,42,6886DF2A98BE
1362,49,68E75FD12673
1363,42,690713606EEF
1364,108,6907AC535720
1365,54,692357D5F3F0
1366,51,69241D10E69A
1367,47,692FAA1828D2
1368,44,6932E62C6338
1369,74,694C96A1E9A0
1370,28,696B864AED8C
1371,80,698A3F2B43B9
1372,51,69A8A08ED3E9
1373,52,69C15737269C
1374,30,69C237AC88FF
1375,46,69FD256DCE38
1376,65,69FF884BCEA1
1377,50,6A00BED6B62D
1378,74,6A0DE6BCFA73
1379,45,6A47B80F3283
1380,49,6A4F483B0224
1381,77,6A7F75AD2ADE
1382,72,6A9031A05632
1383,104,6A977849DE08
1384,52,6AB122D640E1
1385,81,6AB2B78CE0AF
1386,31,6ACB38C6577C
1387,100,6B20E9C115AF
1388,105,6B2FD789B8C8
1389,30,6B370155C425
1390,77,6B3A8DAB21EB
1391,66,6B3B3CB54EB9
1392,32,6B425FA21020
1393,51,6B479AF72202
1394,25,6B56C630FFC5
1395,35,6B850987631D
1396,44,6B8C02811FF6
1397,70,6BB4BEB51A80
1398,29,6BC83A3F4934
1399,131,6BDF73E50719
1400,62,6BE1E93612AE
1401,18,6BEE2EEEDD39
1402,85,6BFDA0FE1CB2
1403,65,6C045F130B28
1404,29,6C16FC9FE7A4
1405,37,6C1913BE2903
1406,41,6C3B373B84C2
1407,33,6C449C1EDB2D
1408,57,6C6B01577E01
1409,91,6C802D3F5F2A
1410,54,6C86103B510D
1411,76,6C98327DA084
1412,102,6C991A1A6C39
1413,42,6C9BFD05D35D
1414,43,6CA2ADCE9A7F
1415,51,6CB31DED1BF0
1416,41,6CB7C1B3C548
1417,83,6CD1B8B6BEA8
1418,27,6CD851AF4D16
1419,36,6CDE42A3FA9F
1420,42,6CE97E45BF79
1421,64,6CFD58799701
1422,81,6D06DAD5446C
1423,80,6D104CA14B33
1424,117,6D114CB7EBB3
1425,54,6D21E6095A62
1426,55,6D2AFE5412CB
1427,27,6D41FAC8F3CF
1428,72,6D6E937C3A67
1429,35,6D728858E86F
1430,50,6D7377CA8608
1431,106,6D8B9B8431A6
1432,100,6D9728CB8711
1433,36,6DA4157C9B4F
1434,176,6DB65C457200
1435,96,6DFD772CFC64
1436,52,6E248B1F33B0
1437,89,6E3D46F9AAE1
1438,92,6E5F280580C4
1439,90,6E70CECCE25D
1440,44,6E71B040D5C6
1441,121,6E842F21D6E4
1442,42,6E90DC70B7A9
1443,52,6EA18B20DA5A
1444,43,6EB1681A5880
1445,42,6EE4A9C8F158
1446,62,6EF7CBB46501
1447,49,6EF996C09864
1448,72,6F0330A6C504
1449,78,6F30733E6B4B
1450,91,6F3C318ED62E
1451,65,6F9741277AB3
1452,89,6FDAD6124B9E
1453,94,6FEF6D46714D
1454,85,70041E13A0CC
1455,78,7007EB8E265D
1456,78,7033DB6BA12E
1457,55,7065B172D758
1458,23,709156BCF733
1459,53,70996505E3B0
1460,70,70B91D253E27
1461,87,70D93EF3CE5F
1462,47,70E490A83717
1463,49,7101C080C12C
1464,50,71129FE0D18F
1465,44,71131D46F019
1466,60,7138786DA45C
1467,53,7155F142CE58
1468,61,71A9098715EB
1469,50,71B72E8890F1
1470,51,71BA665B1B31
1471,123,71F12F9F01DE
1472,36,71F1B96A18BB
1473,81,71F27422C5FC
1474,76,7203112033A1
1475,33,72095D288A5B
1476,37,722C353F2831
1477,51,7231635A63C8
1478,46,7248792ECAC9
1479,108,72635AF44FA7
1480,38,7270750C775E
1481,64,72732FD01203
1482,109,72765D1D4721
1483,6,72766FE38307
1484,60,727DEC0706F0
1485,34,728AD690E87F
1486,68,72913948CDAA
1487,42,72A69C1B34A8
1488,164,72C0B0B91BFC
1489,110,7302457525D4
1490,41,73038C17880E
1491,109,73234AB62383
1492,63,732952FF57F2
1493,118,7333B4549006
1494,72,7369FE94C1C6
1495,55,736B285BF88B
1496,59,736E8C8444E6
1497,80,7370AB0DDC7F
1498,176,7373B4F44528
1499,79,738112C600B8
1500,41,7382F8B16AAF
1501,53,73851AC4551C
1502,47,73930228893B
1503,79,739B9009D8D2
1504,78,73A997703BC3
1505,65,73D2B941F40F
1506,70,73D5C8D99F72
1507,65,73D69658CF95
1508,63,73DF8CA712BB
1509,32,73F2515B5BCE
1510,90,7445CD7E0985
1511,61,745F880CEFA7
1512,92,746A0BFABA84
1513,49,747E3560442E
1514,81,749E089D7992
1515,65,74CDAF3BB9EF
1516,69,74CE2F003968
1517,43,74D9504A6EDD
1518,71,74E468FCE398
1519,43,74FF4379012C
1520,88,750184492A96
1521,88,750AFA674F45
1522,61,753391D5E480
1523,10,753E320B186B
1524,76,7545AC12D178
1525,23,75707305C76D
1526,29,757C5E55BA96
1527,62,759E0659FF69
1528,30,75A20F93C2C4
1529,73,75AA6229A116
1530,65,75B44E3CE6DD
1531,50,75C950F8EA18
1532,60,75D13F3E0B2E
1533,75,75DAA54880C1
1534,110,7600F1C7D884
1535,57,760988C4BA3B
1536,36,761E2670197E
1537,38,762839543BFC
1538,68,763EF698F56B
1539,60,7658C61156C7
1540,50,767533E12569
1541,85,767920BDAD93
1542,47,7680EF5AD3CB
1543,44,768FA278A16D
1544,74,76C0FD26B20A
1545,63,76C2E20AF20E
1546,62,76E5D0DEC30A
1547,41,76F0144EB703
1548,55,76FB58BB4BD7
1549,38,770541C6A2C1
1550,56,770E1717845C
1551,136,7726A1F9C660
1552,36,772D27D400BB
1553,36,7740DF009E10
1554,102,776FBF88E6FF
1555,39,777CB894A285
1556,52,777E845C3A93
1557,62,777F0E16E55E
1558,84,7797541CF0A6
1559,111,77A31D0A07A8
1560,38,77B932D27C9E
1561,77,77BB33DB5187
1562,23,77BD30EC277D
1563,50,77D210B9EC7E
1564,132,77D5466305CB
1565,132,77FAA33476CA
1566,49,78018FB48420
1567,34,780D5663CB1E
1568,24,7820048B53C8
1569,37,782678016796
1570,73,78303F7A5AB0
1571,3,7835355C55D8
1572,30,784627BD990C
1573,65,785DBAB78957
1574,44,7862D2AE5697
1575,81,78704F723AE5
1576,77,78A3B43DFF8E
1577,85,78B6F383CD30
1578,95,78B89BF70AE8
1579,91,78C22313F58E
1580,68,78DD2317E359
1581,33,78E692CD7085
1582,55,78E8970D0C13
1583,134,78EA0C3715FE
1584,136,7907952E04B8
1585,10,790891A35047
1586,38,79098D096CB8
1587,78,791AF7B78178
1588,46,7921F1381801
1589,63,79484682B23E
1590,60,7949A941BF0F
1591,108,79662DEC0A1B
1592,78,79786E273D1A
1593,29,7982F5F494E2
1594,49,7999A063F80E
1595,24,79AC659EC790
1596,105,79BE4A2D8223
1597,95,79D634E4575F
1598,37,79F917A8CFEC
1599,44,79F961AE9A04
1600,49,7A0A80926A0D
1601,41,7A239E4D1966
1602,23,7A25BCF70487
1603,61,7A552DBA7D71
1604,45,7A6599531E9C
1605,94,7A66900A3812
1606,88,7A68E1FB7863
1607,222,7A7660BBEE86
1608,20,7A7D7BC53938
1609,61,7A89CCBBD747
1610,63,7AAE019F70D6
1611,49,7AB87BA4342F
1612,47,7ABD75EA7CBC
1613,31,7AC357DAA5D7
1614,43,7AC5AC48813D
1615,131,7ACF284A8B7C
1616,26,7AF7DC456D3C
1617,42,7B00EEFA1313
1618,65,7B0430EDACBA
1619,51,7B0C76128726
1620,53,7B1B2E8F7E89
1621,87,7B2B2910BB90
1622,106,7B38A110CC94
1623,78,7B4B838D8360
1624,70,7B557B2F27CE
1625,94,7B5BC2343286
1626,61,7B5F5B33B566
1627,36,7B6FA03518AE
1628,50,7B802407D629
1629,58,7B8400D217C1
1630,72,7BBB35F9D1BD
1631,62,7BC73C8FBDBC
1632,63,7C08DA95AE9A
1633,59,7C14A6539215
1634,71,7C2650EEA2B6
1635,50,7C31C5E519FF
1636,118,7C4960DF5CB8
1637,67,7C54D7484145
1638,83,7C5E4E2779BF
1639,58,7C6ED140EF65
1640,61,7CAFF57E1775
1641,105,7CB712FD1253
1642,77,7CBB1B6F4E25
1643,110,7CC4A8E1948E
1644,63,7CCC4CDC5CF0
1645,39,7CDB47E88B39
1646,41,7CFA22351B27
1647,28,7D0CE6E00B68
1648,28,7D1825E2F4AD
1649,77,7D2D5053D947
1650,42,7D519DA76B29
1651,55,7D94F809823A
1652,88,7D955FAD0C73
1653,47,7D98C85F9223
1654,80,7DAD3B639FB4
1655,67,7DB5E5FA8324
1656,49,7DBE22D9F0DA
1657,56,7DC02C918305
1658,82,7DDFB0CA2BF8
1659,80,7DDFF6DA8655
1660,65,7E109A7AC169
1661,157,7E29ACA46157
1662,62,7E48A7A7B400
1663,56,7E530A20DA68
1664,62,7E5F489C8CE4
1665,111,7E669FF93EB9
1666,43,7E9D8E4921CD
1667,62,7EA986233EDA
1668,30,7EB7BB90A2F0
1669,28,7EEB8E9614C2
1670,95,7EED34A43536
1671,74,7F0703CF058E
1672,17,7F0B7DDE89B2
1673,56,7F1E8663BAE8
1674,45,7F1F55F771F9
1675,68,7F21F77E9AA3
1676,75,7F336F4B9442
1677,106,7F4706C105DE
1678,58,7F6795CE405C
1679,78,7FB017FAC682
1680,32,7FB1724D76FF
1681,36,7FED050A6D55
1682,126,7FF600C1F829
1683,81,7FF6972B86C2
1684,69,800FE9615C63
1685,17,8042198ABB06
1686,41,8060FCE12001
1687,47,806672A60686
1688,86,8079089BC4D8
1689,26,8087A7C3FCDA
1690,36,80AD3F379BD1
1691,65,80C0814AF16D
1692,57,80C2ED8BE6A6
1693,67,80C97E7C2558
1694,39,80CCEFCCD166
1695,80,80D2FE30F665
1696,41,80DB9AB00E74
1697,51,80DD7EE85BF7
1698,53,80DFF2FC7C1F
1699,90,80E36876B2CB
1700,61,80EF60E3EA04
1701,54,80F044EBC71B
1702,42,80F9E6D6503C
1703,126,81218F777A2F
1704,37,81306D4B4CC1
1705,81,8149E792E505
1706,35,814EE41F6FF3
1707,57,81674F80999A
1708,26,816FC4D1628F
1709,70,81946793B89A
1710,75,81B000BCC5B3
1711,46,81B5D8CBA063
1712,64,81B7A7CB8829
1713,103,81D266D94D6D
1714,24,81FB30DE2618
1715,24,82294A32E3E3
1716,59,822F6C3B3C03
1717,17,824896E8F91B
1718,14,82618B162AAC
1719,53,82722CEBCAB3
1720,36,827D807512AB
1721,62,8281058A7684
1722,25,8283155E54A0
1723,33,8295FC2CA419
1724,145,82BA3E4396CC
1725,33,82CCCAD3BA5B
1726,72,82DE4E49CC52
1727,146,82F7210163B5
1728,30,82F7D233871E
1729,59,82F9FDBD6F98
1730,82,830CCF8E0B23
1731,87,830E5FA9FC72
1732,37,8311ABD30CC1
1733,57,83165647126E
1734,27,833489139971
1735,17,833F25175AFC
1736,34,8369840DE791
1737,51,838093B60075
1738,20,8397368B57EA
1739,116,8399BA1DF44B
1740,33,83B3CD03C693
1741,148,83C48C5697AE
1742,60,83F57096AF9C
1743,29,83FBBD0447F2
1744,59,840357B74A16
1745,100,840619A0CF0B
1746,109,840D73A3804A
1747,37,8415937CA4D9
1748,80,8416C7C6F146
1749,37,84192B65683A
1750,10,845693DC199E
1751,92,8476588805D9
1752,27,84765FE3E472
1753,177,8484D27254B3
1754,60,84CE7281265F
1755,35,84FC9651F650
1756,77,85004BC426B1
1757,34,8521B650F8A9
1758,26,852C90E3FA05
1759,107,856351253492
1760,34,857574FE9711
1761,84,857B7FB712ED
1762,91,85808F0851D8
1763,53,858DFA7A9980
1764,34,8593D649EBE4
1765,193,85C54BD4D416
1766,50,85C71A1E0117
1767,46,85D3E5A1D64E
1768,62,85E3C840FCBF
1769,52,85F4C57672EA
1770,55,85F5FADDDC0E
1771,31,861349CA778E
1772,36,861B660C2E86
1773,13,862ACD748291
1774,70,863550AEB938
1775,33,8656F070846C
1776,37,8658D3ABB67F
1777,41,869B37DA1D3E
1778,123,869CC4EDD3B5
1779,100,86A511A55117
1780,53,86B2AFB816D5
1781,76,86BB790A5875
1782,55,86E335C1EB06
1783,101,86ECF13FEDEF
1784,23,86F87A96D2DB
1785,93,875151F79017
1786,54,87669696162F
1787,80,87692B9A8184
1788,95,87694700310E
1789,34,876B9CDDC1FC
1790,69,876CDA4D152D
1791,182,876DD6D022A9
1792,86,8772F74F5EE0
1793,51,8773AAFA4355
1794,114,8778DE7C8D0E
1795,35,877EC536B112
1796,41,8799E3BD41EB
1797,73,87A8B315A26E
1798,40,87AF2FEABA83
1799,50,87B7C44BBB7C
1800,24,87B7FE5BD9D7
1801,84,87DF9FF7104D
1802,40,87E123466310
1803,68,87E3F6FDAA68
1804,36,88006889B561
1805,46,880188B5EED8
1806,57,882F6EC806E9
1807,36,8836B8EFCE5A
1808,34,883C1EF358F6
1809,52,88402C999412
1810,83,88816FFD8A5C
1811,48,88860671767F
1812,42,888A04678CCA
1813,46,88966ED00A28
1814,69,88ECDCC89475
1815,79,88FCD4D35128
1816,44,88FD25AC86CF
1817,56,88FD7FAAFA90
1818,24,890FAF6F82FC
1819,169,89114CEF532E
1820,26,894C9DC473A0
1821,26,89506A98AC2B
1822,70,895FFC078777
1823,49,89857315A1A4
1824,70,89863E1AF982
1825,63,898A8417D70E
1826,26,89974AB1B1B1
1827,62,89A2B91E59C5
1828,72,89ADE1CC1BEC
1829,80,89C7C4115B84
1830,72,8A0A3FE01FE7
1831,64,8A165723DF82
1832,37,8A216BEDA4C2
1833,36,8A2A9C25B642
1834,71,8A4D99910F10
1835,82,8A6FEEA6C0D3
1836,31,8A7081C962D7
1837,67,8A7299DA28E5
1838,27,8A80B525C75D
1839,59,8A8CC7624410
1840,112,8A970FA9C7C4
1841,41,8A9E12ADD91C
1842,141,8AAC040AE6C7
1843,84,8AB55CB5992E
1844,71,8AD96DB8DD9F
1845,36,8AF043C98622
1846,36,8B095EB24288
1847,81,8B155840CA6D
1848,19,8B1D74DDA04B
1849,68,8B1EB1890F9B
1850,54,8B4A210026AD
1851,52,8B4BB870857D
1852,26,8B9EEF86DD66
1853,89,8BA694ACE2D9
1854,46,8BC2D4B87F27
1855,76,8BCA5D690FB4
1856,79,8BE20A3524AE
1857,40,8BFBF3BB5542
1858,88,8C01B86DE888
1859,46,8C0C5CED34D5
1860,78,8C0D50387A60
1861,46,8C34447FF21C
1862,54,8C3557D720F5
1863,49,8C3993109983
1864,104,8C44127FF83C
1865,81,8C5BF0347F87
1866,36,8C645419E1B4
1867,29,8C83ACEF2A15
1868,107,8C880B194034
1869,70,8CD4C142DCEF
1870,55,8CDBA4104C7E
1871,83,8D02AC12DD48
1872,38,8D0B6FE098F1
1873,31,8D14BC33208D
1874,23,8D160B0BC04B
1875,96,8D1CD79C0F8D
1876,91,8D734AF72931
1877,47,8DA2034EC1C8
1878,65,8DA298718DD7
1879,41,8DBBADC05A43
1880,38,8DCC1AC9A8EA
1881,124,8DD09D4FCD4F
1882,95,8DF5D7CF4085
1883,49,8E10A6D2B272
1884,64,8E10DA6F8DE9
1885,86,8E2EB0B4B92C
1886,21,8E53C7642922
1887,22,8E5E6211E4D6
1888,105,8E64BE4119C3
1889,28,8E6F35BA3EE6
1890,33,8E764A2C7266
1891,33,8E91F0997B77
1892,87,8E99E989024A
1893,22,8EB2AF12FA77
1894,30,8ED2404D111E
1895,18,8EE0540E163D
1896,50,8EEA38B2E6CD
1897,86,8EEEF415AA1E
1898,47,8EF3D97E2310
1899,59,8EF9BE158AD3
1900,39,8F16365E363D
1901,47,8F1F5D0CEA06
1902,56,8F29D9B8D64E
1903,61,8F3B39C509B9
1904,62,8F5F3F2519DA
1905,26,8F6DFE02DF75
1906,80,8F78E9AF1D0E
1907,54,8FD83605AA61
1908,52,8FE04E30F621
1909,28,8FF22F2804A3
1910,61,8FF3A8F178E1
1911,97,8FFDA5B9D359
1912,36,9000217714BE
1913,50,900D1E184F63
1914,76,902341F8EB11
1915,64,90526CA48E47
1916,27,9054912D1EA7
1917,47,907275FA42D0
1918,32,907FC59841EC
1919,47,9086C0A2BF10
1920,20,90978A2F8599
1921,25,90BF447C6E83
1922,60,90C81189C58D
1923,45,90E2214EFEC8
1924,44,90E5BB6CBE11
1925,39,90EBF38FCFBA
1926,36,90F73F20ECF0
1927,89,911DD337DD61
1928,71,91377BE7D4ED
1929,65,9145AB74E1DA
1930,133,9152EA0F430B
1931,103,915D8BF74963
1932,16,916811E780BD
1933,50,918C1880FCD8
1934,31,91B88A23A5E4
1935,29,920BEE439862
1936,92,924748264D34
1937,24,925371DCF84D
1938,73,9255DC307B75
1939,40,925DBAC486E5
1940,61,92B418CEA06E
1941,92,92B8F2F85C44
1942,82,92CD1BD0C18F
1943,83,92D03AB56C53
1944,21,92E97E947628
1945,49,92EA64272FB4
1946,24,92F6C1E71237
1947,49,92F7DD653EFB
1948,150,92FFB3530304
1949,25,930CF711E6B6
1950,84,93385DED39E7
1951,63,93552F3ACA5D
1952,13,93575D076743
1953,31,935A26E2610C
1954,101,9392E2E0AA1E
1955,54,93B8C8DAFE20
1956,16,93BAA0D48EF3
1957,90,93C575DB7931
1958,56,93DF867BE1C5
1959,50,93E62B4919A6
1960,65,93EF5F755313
1961,62,940441D4CF9C
1962,60,94131A88E955
1963,40,941A269CE055
1964,97,946D8B23ECA6
1965,55,948771F795EB
1966,35,94ACF6006DB9
1967,77,94C1C9CD10B7
1968,48,94EC7DF6EA74
1969,23,950729DE3582
1970,88,951DBA563386
1971,66,9523FBA791BE
1972,29,9528CA8FFC22
1973,70,9532BA8E40BA
1974,69,953BEF800163
1975,51,9551DA943B01
1976,67,95540EBC3FC9
1977,43,95671082C3A1
1978,65,959946A3FB03
1979,101,95FD6DF25420
1980,23,960D7C072801
1981,111,9613CEAFE86E
1982,28,9615F113FAA1
1983,27,96220F2863D1
1984,43,963501C88479
1985,42,963AD357A595
1986,35,964E9DBFDBAA
1987,44,9653A4188D80
1988,110,965DC6768854
1989,68,9664D9C4C5F9
1990,85,9685DD18847A
1991,74,96A7646236BF
1992,50,96CCD6C82658
1993,27,96F4AB949807
1994,52,9702AD260172
1995,55,9715AAF5B952
1996,142,97167C9DC677
1997,18,9725E454418F
1998,50,972782BCDEA4
1999,26,9735E542665C
2000,53,973A3ADFAB72
2001,29,973B1ACD7430
2002,47,973B1B44F884
2003,35,97472A5E870A
2004,39,9760A1CB4336
2005,61,976E2E05C4EB
2006,60,97A0FFE91A3E
2007,43,97A27B9801B5
2008,105,97C6E22BA8EE
2009,96,97EF67C73A5E
2010,69,9801CF414927
2011,26,9818D8926288
2012,72,982053C6DAD6
2013,48,98318D414246
2014,70,983D4402B74F
2015,29,985A32A20F03
2016,103,985FC4A0FAE2
2017,76,9860EE12D1B3
2018,47,9872487371ED
2019,40,987A42F72474
2020,46,98823BEE8E85
2021,82,988BFF516FA0
2022,60,98AB65F5C7F9
2023,58,98C692B7B152
2024,50,98CD7819C7EF
2025,64,98D8723E86D0
2026,101,98D8FF9E3C56
2027,40,98DE8992E379
2028,54,98FDB2315471
2029,96,992DB55B9726
2030,27,992ED17DB3CA
2031,107,9947BA6C3149
2032,72,995452515AB0
2033,40,997098762F7E
2034,61,997589EE26E6
2035,82,998DA357F910
2036,32,99961D273689
2037,81,99A3641592CA
2038,45,99A73BEA826C
2039,59,99BA9BABB1A5
2040,63,99CAD0AF3560
2041,43,99E81F82C597
2042,55,99ECAD55ABD3
2043,40,9A0BAE46C6B4
2044,2,9A24CB0724FE
2045,81,9A25D43F4CEF
2046,41,9A36D8AB4818
2047,63,9A5193D1C19B
2048,80,9A879E8D266F
2049,43,9A93D940C694
2050,129,9A96A89DF959
2051,75,9A9924C0CA97
2052,65,9ABF7B48B802
2053,61,9AC32EA4050B
2054,93,9AC838864995
2055,73,9ADC4A3BFDD0
2056,89,9AFAE6562E98
2057,55,9B15B90564A3
2058,53,9B23FE314CF5
2059,131,9B3F1EFA8AAB
2060,19,9B42B1750AD8
2061,56,9B4BD1687FA0
2062,25,9B4C52064991
2063,37,9B4EEAAB752E
2064,58,9B5E142C63AC
2065,40,9B5E878ED861
2066,28,9B63E800B429
2067,72,9B69DE203555
2068,33,9B94692E3AC6
2069,27,9B9E23C5D3C8
2070,44,9BAD2A3A7619
2071,77,9BAE37CAB3ED
2072,90,9BEE648877EF
2073,95,9BF2607D4878
2074,39,9BF717F45D68
2075,46,9C1A3F53B869
2076,54,9C1B60E737FB
2077,75,9C37912D9442
2078,73,9C3D2911E32D
2079,34,9C57307D58A5
2080,100,9C601D9FCB5F
2081,82,9C6132E41DDE
2082,73,9C76CF46D791
2083,33,9C7B4130AA3E
2084,23,9C7E82646A0F
2085,69,9C9C4EECA979
2086,45,9C9F45A47A92
2087,33,9CB69011AE54
2088,46,9CB6D9467227
2089,50,9CCE6697A5B1
2090,35,9CE077EDCC85
2091,75,9D6E844DBDF2
2092,43,9D716D9F4EBA
2093,26,9D8B3825C355
2094,53,9D9B85A82575
2095,112,9DA131E0F720
2096,27,9DB1E261C00D
2097,87,9DB8409B95F6
2098,99,9DBCBFD45366
2099,64,9DCB91B1F18D
2100,51,9DD22B9D10F4
2101,149,9DDBBA28EBD0
2102,50,9DE684107A66
2103,50,9DF267887BEB
2104,31,9E1DFDF33C0B
2105,27,9E21506EADC7
2106,72,9E2645222231
2107,51,9E40BFCC6F62
2108,29,9E478C982AD0
2109,55,9E49399B42B4
2110,44,9E4F43374DD5
2111,49,9E753C182039
2112,59,9E817DB62497
2113,92,9E8984D81AC3
2114,49,9E8F3C6405CA
2115,27,9E96EB0152A6
2116,52,9EAB766AF4BE
2117,18,9EADCECA2FB8
2118,49,9EB5AA842FEF
2119,42,9EB7D09C785B
2120,18,9EBA120196BC
2121,121,9EBCC1131B13
2122,78,9EC4A16802BF
2123,94,9ED1E2DB0B0F
2124,22,9EE9E6991968
2125,41,9F1230B269C1
2126,80,9F1CC7603B64
2127,52,9F27EAC1E27D
2128,74,9F401E75755A
2129,187,9F68BAB4FB63
2130,25,9F7610DBE2DC
2131,61,9F7E189A2DCF
2132,39,9F803521F9A6
2133,89,9F9C42BD3B7A
2134,29,9FA1ED280D8E
2135,99,9FA90B94782E
2136,27,9FAA62801E13
2137,29,9FD1F622BAC3
2138,45,9FDD8A146288
2139,58,9FE2FE6E997E
2140,122,9FE689F5F44D
2141,48,A00A8837B25B
2142,51,A0129E84B1D4
2143,111,A02E1D0BEACF
2144,64,A04B4B412DB3
2145,49,A055576C0F9E
2146,45,A094036DE672
2147,45,A0A2D6856B0E
2148,35,A0A56F7995D6
2149,74,A0B2BF94231C
2150,41,A0B58CDB939A
2151,75,A0B8C1FA3811
2152,114,A0BC5780C987
2153,94,A0D37DDFBE96
2154,76,A0D47C0DD67F
2155,67,A0E95D8119F7
2156,47,A10755158FEF
2157,74,A10E91E49973
2158,91,A1196779A15B
2159,22,A11969208401
2160,73,A18B82F7407B
2161,40,A1976FDEA9E2
2162,74,A1B06DEEA15C
2163,67,A1BFCDA12FB1
2164,28,A1C1C0FE3C7A
2165,72,A1CA2A691C98
2166,52,A1D0490FD324
2167,46,A1DC92E4E3C8
2168,44,A1DE235AFFC8
2169,82,A1EC959B8C13
2170,63,A21A69767BEE
2171,35,A22BC15DDB95
2172,59,A22EECAB91E9
2173,22,A25E8EBA43CA
2174,36,A263E403FAC3
2175,103,A28940CA5863
2176,77,A28E9B475935
2177,79,A2957D006D28
2178,23,A2BA5F95C077
2179,37,A2C232F3D92C
2180,57,A2CAB9C551B9
2181,122,A2EA2D3D0542
2182,85,A2EF5BCC488B
2183,46,A336FB5F2623
2184,63,A33D66485059
2185,90,A356547BF789
2186,62,A35B4B7CBD24
2187,21,A35F3D111E9A
2188,76,A366CC7B0D05
2189,54,A38187259EEE
2190,75,A38A3B76558A
2191,26,A39343536B4B
2192,54,A394468CDEC1
2193,77,A39660CA003E
2194,111,A3A0AB366927
2195,18,A3A5003C8AD1
2196,44,A3C5DE6588D0
2197,55,A3C8FABB8B29
2198,147,A3E6A572C6E5
2199,65,A3E9A1C9917B
2200,35,A403FC7A8542
2201,62,A42A8E5FA4CD
2202,77,A43F5C97F2E2
2203,115,A46DA0EA4F5D
2204,42,A47106D7B784
2205,49,A484FD45778A
2206,143,A495DAE52B0E
2207,76,A4A90A401002
2208,46,A4BBB301E3CE
2209,30,A4C46FEBBCC4
2210,65,A4CD4307D620
2211,31,A4DA4201903F
2212,57,A4F11F4A76AE
2213,68,A5056E812783
2214,48,A5073B74C615
2215,32,A50D4A87B19D
2216,35,A526E6F199BB
2217,91,A53DEC5A2DE8
2218,22,A54391563C0F
2219,71,A5567EF4C8EA
2220,52,A56BCB594C0C
2221,47,A570CD64F0F9
2222,91,A5B9C9F26FD6
2223,66,A5E657C1B23A
2224,76,A5E9417DBC88
2225,72,A5F6E232286C
2226,46,A643E3470F54
2227,68,A66E85DB3C56
2228,42,A6745A8EE7AF
2229,86,A68AABEAAB4B
2230,57,A6A6C7852F05
2231,22,A6AECACCFAA8
2232,45,A6BE0FAFA04B
2233,108,A72A4397F9F5
2234,98,A72F4E50ED92
2235,107,A72FE8731B45
2236,60,A742ED869970
2237,69,A754F3AC48E3
2238,60,A7627F0E8E33
2239,62,A764E2DFDDD7
2240,130,A79B40F29DCA
2241,131,A79D997C4B42
2242,78,A7CC5A46675A
2243,72,A7CEC076632B
2244,56,A80542F83A7C
2245,78,A81E2C81BCAB
2246,49,A828480AA508
2247,38,A83B38711F26
2248,51,A84FFDD09442
2249,105,A87C80DEAB08
2250,49,A88BE59EEBAE
2251,52,A88FB1D1C8BD
2252,62,A8BB150F53AB
2253,69,A8D0ADC676C0
2254,64,A8DFA8766B31
2255,35,A8F321EBF782
2256,22,A902D2DE1A8A
2257,71,A91103F63B19
2258,83,A91E59572DA0
2259,54,A9290F062546
2260,99,A93072F1F0EC
2261,49,A93471B62AF5
2262,92,A9544F0E8868
2263,47,A975CBC4A7E8
2264,91,A98482015F5A
2265,54,A9A0D8CE21B4
2266,40,A9A152AAFBE1
2267,66,A9A6B5A288DC
2268,72,A9ACA0A6ADE8
2269,17,A9B3B0AEE38B
2270,48,A9DA6C8A9555
2271,71,A9E9851F3E7E
2272,62,A9F7B20A9483
2273,115,AA0919FCDEDC
2274,127,AA0CD6D22CA3
2275,58,AA1ED5376761
2276,63,AA2191D8D24E
2277,69,AA32237D75CE
2278,102,AA416CED237D
2279,77,AA53069FF4B4
2280,71,AA7B4CC7EE1B
2281,40,AA8DA5629CBC
2282,54,AA9B263544A9
2283,83,AAAAA48F6FEB
2284,43,AAD6A5CBDDB9
2285,58,AADAFDCD9944
2286,29,AAE16C990870
2287,40,AAF42F8A396F
2288,46,AB0686BA42E5
2289,51,AB142AA123BC
2290,60,AB201C60C269
2291,60,AB2FD69DBACF
2292,52,AB37B00A93F1
2293,60,AB6284069E18
2294,101,AB75D2DC92B7
2295,23,AB7823891008
2296,59,AB834A70D155
2297,241,AB86BAABBF68
2298,140,AB9527C4A312
2299,106,AB9FC91ABAD7
2300,53,ABA60F0BD289
2301,65,ABBA50242CFA
2302,57,ABBE700093F0
2303,110,ABC59FCA6150
2304,51,ABD38929777A
2305,62,ABEA8B5724EF
2306,76,ABF21C9A2160
2307,63,ABFEE879153D
2308,9,AC0AAA109FA6
2309,97,AC1F60D0F85D
2310,89,AC3111702C95
2311,63,AC5D4FAD6FDA
2312,73,AC6348A7ECB4
2313,70,AC692F322516
2314,31,AC7AB280A93C
2315,88,AC8331539332
2316,85,AC9719A6A375
2317,44,ACA08DBF39EE
2318,26,ACA1A45EE438
2319,94,ACABA85B131B
2320,30,ACAE11A04F63
2321,75,ACB4771E367E
2322,47,ACC830989D7A
2323,85,ACE1BE41A8E0
2324,117,ACE3E472041C
2325,68,ACEDBB3C81A0
2326,30,AD095F1ADE0A
2327,48,AD097EE6B6D7
2328,111,AD175892EC1C
2329,43,AD19BF721C0F
2330,33,AD28F2915402
2331,113,AD53B357BD0D
2332,52,AD5621D2A958
2333,129,AD5F7E8C127F
2334,87,AD6986B56719
2335,32,AD72A536B54A
2336,36,AD730017246A
2337,28,AD9CEE5A6FFF
2338,39,ADC42265FD32
2339,52,ADDFE045FED1
2340,41,ADF1112226F4
2341,189,ADFE2CDB6FF1
2342,152,AE0DB193F5B5
2343,105,AE156FEABF74
2344,72,AE178808D4FB
2345,26,AE262E9DC747
2346,51,AE2E6B3472DB
2347,89,AE370D914104
2348,77,AE83E9155405
2349,46,AE8A9585640A
2350,49,AECE763751DB
2351,26,AEDDD593BF0F
2352,1,AEE8A576989C
2353,55,AEEEF8816516
2354,8,AEF788DA28DE
2355,59,AF20176EB127
2356,10,AF39DC7FF677
2357,79,AF4A2E8AD2A5
2358,63,AF6E7702012F
2359,22,AF71C89CD199
2360,31,AF83C17B5451
2361,63,AF8963C142A0
2362,44,AF96A2176FB7
2363,86,AF98232BDB08
2364,52,AF9F53EC3673
2365,99,AFB5CC3E27EB
2366,69,AFBC394080FC
2367,82,AFC600D922F6
2368,32,AFD325C9347D
2369,131,AFE6CAE937D8
2370,63,AFF314E99BF2
2371,60,AFFCB27334C9
2372,62,B03AB7243AE5
2373,8,B046D31B68F0
2374,60,B04F96DEDE6B
2375,61,B067F0CBE15C
2376,26,B06DEBFFD2A8
2377,60,B07B4B4428AB
2378,81,B083862AF3B4
2379,180,B08751C48DAB
2380,13,B0B703E881B7
2381,28,B0CDBB24465F
2382,78,B0D627CB7309
2383,19,B0DFC5E93591
2384,76,B106E3896C56
2385,25,B110268BBFEC
2386,39,B18BEE398BAD
2387,83,B18CF330D3CD
2388,58,B1A435B54D4A
2389,114,B1AFACE6704E
2390,84,B1BF25C4C28B
2391,38,B1C410876D33
2392,29,B1D135A74E3D
2393,116,B1E1608C016D
2394,27,B1E8A95B0939
2395,85,B204869FA146
2396,36,B2055DB7B29E
2397,35,B2123357B114
2398,35,B23BDDB4B5FA
2399,41,B261F438E0DA
2400,66,B279118BA2EC
2401,52,B2919590BDB0
2402,77,B2AD2177A42C
2403,66,B2B6C25D967A
2404,29,B2C32E74812E
2405,75,B2D03F892B0D
2406,75,B2DAE4CC6597
2407,95,B312F104B015
2408,129,B3145EA3395B
2409,74,B31D05A5A9CB
2410,27,B3241FAB44C9
2411,79,B32F41984B27
2412,58,B3493FBE6476
2413,64,B370B0D18727
2414,20,B379CB700CCD
2415,40,B37D0A9D7859
2416,75,B385E5EE33B9
2417,32,B39F335086FB
2418,93,B3AAF502DFFE
2419,49,B3AB4E6C5678
2420,86,B3B9D116021C
2421,35,B3F0F2F6487F
2422,71,B3F18E671DF2
2423,70,B403A4E28BCE
2424,29,B407B3F81C9F
2425,37,B41ED2C0C016
2426,77,B459B5B87707
2427,64,B469122B9ACB
2428,48,B46E31AA2653
2429,55,B4994C771190
2430,43,B49D86AC2062
2431,102,B4B2CB4AA07F
2432,32,B4B82E063D04
2433,68,B4B8BEB77C2E
2434,89,B4CBDAF1161C
2435,77,B4CF5269C465
2436,51,B50C9D328FAD
2437,44,B5106AB5C81C
2438,146,B543953F757A
2439,57,B548BF7A2A8F
2440,82,B54DBEF87F11
2441,104,B558AFC603D4
2442,80,B5618012B782
2443,85,B5663D6B5854
2444,53,B596C01C5E87
2445,42,B59B6731525B
2446,22,B5AA232A7261
2447,47,B5AE26EEE247
2448,72,B5FF33681C22
2449,71,B5FFED1536FE
2450,113,B68C62AB1515
2451,39,B6A5721D64C1
2452,95,B6ADED946A1A
2453,112,B6B85CE5C8F5
2454,60,B6D958C73D90
2455,53,B6E9E12159E3
2456,28,B6EB1835EBE0
2457,25,B6F445EE304C
2458,32,B7053BDF5BA0
2459,112,B7075CD10BCC
2460,52,B727B720430B
2461,52,B7291A99BF2E
2462,37,B7350254EE93
2463,111,B744CD534ADB
2464,85,B7468C4DD17C
2465,65,B7626C8D1FAB
2466,37,B76C582FA08B
2467,41,B7938A92A4F9
2468,141,B794B3C07254
2469,77,B7A0347C68C3
2470,111,B7AABB24BDB8
2471,57,B7C150A40F86
2472,67,B7F56382EF7D
2473,141,B7FABBC13A0F
2474,59,B7FCFC6A7011
2475,59,B821E1D68BE7
2476,65,B83897288B43
2477,35,B83DD09D3129
2478,72,B84EF55EE7F0
2479,103,B84FF4E3504F
2480,30,B8624C2D465A
2481,117,B86530090737
2482,73,B8656754E9EB
2483,43,B88EA53BC496
2484,32,B8961D64A158
2485,67,B8AD03895BE6
2486,58,B8EE6B6594BD
2487,15,B8F0ECC9DC86
2488,51,B936994E140D
2489,62,B942E0DA6A0F
2490,71,B948405746B5
2491,25,B950C326FB77
2492,106,B9733BDA883E
2493,24,B983F2965167
2494,30,B9A542B2C36C
2495,58,B9B02A6FB3F9
2496,85,B9B71CEE162B
2497,86,B9BA0955819D
2498,71,B9DABCFD687D
2499,52,B9F6B348FC3A
2500,91,BA0D3D6A8A94
2501,7,BA14C47026ED
2502,26,BA1651806E60
2503,39,BA3B6D562BB1
2504,62,BA541CCAA2FF
2505,27,BA57C427DB35
2506,57,BA5DC45B0E3F
2507,98,BA6FC6ECE68E
2508,127,BA71C09852E8
2509,61,BA89E5BB44E3
2510,83,BA9DA5122C58
2511,73,BAAFCD5BD313
2512,26,BAB7CCC403CE
2513,48,BAD99FB704BB
2514,26,BAEC88ECE833
2515,108,BB0157B70CA5
2516,28,BB06ADBF1640
2517,40,BB0EA66E43C4
2518,62,BB18A75AC035
2519,92,BB240E6FF61F
2520,60,BB38DB117F33
2521,81,BB430219DBB4
2522,53,BB5B58E098AB
2523,64,BB5D6C14712D
2524,92,BB7BD362A162
2525,100,BB8064D7B327
2526,30,BB87E18DA024
2527,52,BB8A59BA8C61
2528,39,BB8DBBD8C4AB
2529,52,BBB9D66F934C
2530,96,BBE74D844874
2531,84,BBE8AE3B2B09
2532,86,BBE9DDA6E3BD
2533,38,BBFEBE9529A1
2534,61,BC0703638937
2535,45,BC0B186645A9
2536,36,BC1F1C37721E
2537,73,BC4A0CFD6CAF
2538,61,BC8115EEB029
2539,83,BCB9C4BF0092
2540,8,BCDED505B597
2541,28,BCE3D895D850
2542,47,BCEDACE63B48
2543,70,BCF16DEB277E
2544,96,BD0CEEC9B429
2545,35,BD4BFB4E8C6B
2546,45,BD67708C0609
2547,76,BD8683F93B5A
2548,95,BD889A4D831B
2549,47,BD951BF14177
2550,96,BD9FE34E4670
2551,75,BDA166D1989A
2552,40,BDA991AF3ABE
2553,140,BDAE1D4B6C20
2554,33,BDC0340D4BD5
2555,29,BDF13939FA26
2556,76,BE1752DCF09C
2557,23,BE1B8DAE1D75
2558,71,BE2532E0867B
2559,36,BE28A2EEAE06
2560,61,BE3784039C72
2561,104,BE4764F7BFF1
2562,149,BE68C5AB58A1
2563,52,BE6A28051A30
2564,26,BE928441C9D6
2565,96,BEC3906A1122
2566,68,BEE04EB31D59
2567,45,BEE8F91F40E7
2568,67,BEFA85A6134B
2569,34,BEFC24511B26
2570,72,BF01FFEF8CB3
2571,58,BF0AF86DFDE1
2572,25,BF21550BA5BF
2573,47,BF267B42A2A4
2574,142,BF56324B3A86
2575,111,BF580042A644
2576,60,BF5D1465DFFC
2577,89,BF5E7CD37E4B
2578,20,BF5E801B7FD6
2579,32,BF652DD7B469
2580,92,BF72FB4B953F
2581,29,BFA732D9C006
2582,50,BFAEA615906C
2583,96,BFB07811C92D
2584,28,BFB1E692333A
2585,27,BFB53ACD3DD5
2586,94,BFCE7D755436
2587,42,BFD5F32AA3C2
2588,87,BFE92DE70CA2
2589,73,BFEA2E7F1486
2590,29,BFEE2D5C0FDC
2591,26,C01AC1CDDD65
2592,49,C02F3803D0D1
2593,21,C045A27AFE82
2594,61,C05745235FE7
2595,36,C0643251A96A
2596,59,C0800EF2C22A
2597,33,C09D3287E6AF
2598,51,C0B30026B439
2599,33,C0C29B07C7C0
2600,47,C0EAFCE50675
2601,37,C12DEB504856
2602,51,C1314085435C
2603,38,C13E41755D2A
2604,72,C15EC5707409
2605,42,C168D81A3425
2606,35,C16EB45BDFF5
2607,35,C194E48A8236
2608,117,C1959178FC53
2609,103,C1ACBD09B2FC
2610,70,C1B4AB227617
2611,76,C1BED9EF3630
2612,23,C1C75CB3BB17
2613,39,C1CA798352BA
2614,92,C1E9D98B3613
2615,30,C1EAD0C50570
2616,46,C1F640A29D37
2617,83,C209AAD70DDE
2618,45,C22B43EE7FB8
2619,78,C2343290CC89
2620,69,C24F3DD7A37E
2621,59,C255CCC30A3E
2622,58,C25E3A9AA408
2623,46,C262F0931AA1
2624,31,C265A20FB301
2625,70,C270D47D709B
2626,33,C277BE295A41
2627,28,C2D061782462
2628,15,C2D40AF42A53
2629,58,C2DCF6EED519
2630,57,C2E3AD707EDC
2631,87,C2F34D6A76D4
2632,122,C2FBC10F36E0
2633,46,C31C0ED2A05C
2634,57,C3429FEF8AEE
2635,23,C352BA103419
2636,16,C3549BC956DC
2637,48,C3668997E921
2638,58,C37595A8AE16
2639,88,C37F09E24836
2640,36,C38334385924
2641,65,C3C1D527011F
2642,67,C3D8E8E8B942
2643,103,C3E499B46594
2644,20,C3E8D00403D9
2645,45,C3F3118898B5
2646,18,C3FBD51A2343
2647,34,C4086056BD37
2648,135,C40BB9E0BC6C
2649,54,C41DFE052637
2650,59,C41E40F2D803
2651,87,C444D6A0AC1C
2652,69,C4472C6DFE66
2653,142,C454239AC43D
2654,51,C465964DA6D5
2655,99,C47E98E69AFB
2656,37,C48A4DC42846
2657,69,C495D1E686C0
2658,75,C49F716838E7
2659,34,C4A208FC02D2
2660,80,C4A5B0BAEB44
2661,90,C4A874260D21
2662,89,C4B53350B704
2663,43,C4CFCB3B7F13
2664,29,C50BE3C76571
2665,53,C51C5EA029D6
2666,25,C52B76D995C6
2667,62,C53073A5A9CB
2668,42,C5376D2ED6EE
2669,37,C537E278BAE6
2670,93,C548AD0C706C
2671,50,C57371A3E79F
2672,85,C582EB969552
2673,99,C5B351564A3F
2674,50,C5C74A1D0020
2675,19,C5CA6C22BAFE
2676,51,C5DE10EA489B
2677,101,C5E45F477A84
2678,109,C5E4E48AB704
2679,33,C5FF203DE2DE
2680,84,C616874461F9
2681,63,C616CFDBCA6A
2682,88,C61946131A41
2683,44,C623A886C6E7
2684,54,C649BC3F0C2D
2685,90,C652190DB53F
2686,74,C655195F667C
2687,53,C6555F21F7CD
2688,66,C656A870B2B7
2689,19,C65705E1E072
2690,51,C65AD37C8194
2691,27,C662BDD50395
2692,66,C66B4F537548
2693,39,C676CE973E9E
2694,32,C693AA305835
2695,36,C6A047494477
2696,37,C6B1B7E91EE8
2697,31,C6CAFAC5589F
2698,69,C6DDD966C9FC
2699,5,C6DDE5F881C2
2700,72,C6EB01B2D6B8
2701,63,C6EE9996089C
2702,79,C70AEFA3CD16
2703,32,C71E82A97BD3
2704,61,C71E90669DFA
2705,33,C7294E1E615D
2706,50,C76DBCE18AF0
2707,66,C779E68B8B7E
2708,53,C77A361A7476
2709,101,C78951522AC0
2710,61,C78AC0CB25F9
2711,141,C79292B5F78A
2712,23,C7A28C7A3786
2713,58,C7AC45EF9D03
2714,68,C7BD62EA392F
2715,79,C7CE778367F6
2716,89,C7E050E7D5F0
2717,77,C82037D6072F
2718,56,C825937F3BF1
2719,68,C85795794D51
2720,72,C858F547F2AD
2721,80,C85DA87E87CC
2722,31,C8620D9D22DC
2723,43,C865637A034A
2724,48,C868C220A380
2725,77,C87D8E9C6248
2726,45,C8A3B0D8B7E5
2727,30,C8CFF17BCD6A
2728,37,C8D7D7FA3008
2729,41,C8DF8FD0D69D
2730,77,C8EBB096262B
2731,51,C8EF7048C03F
2732,34,C8F035B467A7
2733,58,C928D32FE5C5
2734,99,C92C73888D49
2735,107,C93925EDB882
2736,27,C954A6D0B707
2737,48,C968149003DE
2738,51,C972C565A819
2739,23,C97525A88E48
2740,67,C97C2190DB65
2741,104,C996AAF4ADF6
2742,168,C99B244B9A0A
2743,42,C9B989E27414
2744,83,C9B9A8174D46
2745,100,C9E127E1B4E2
2746,67,CA10EA3EB6FD
2747,84,CA11FD3CAC43
2748,72,CA290993DFBA
2749,70,CA29A62DA67B
2750,75,CA2B324678EA
2751,38,CA347336D930
2752,37,CA3752A6A8F3
2753,34,CA3EB3AA11FC
2754,40,CA42D47C0914
2755,76,CA4941643D09
2756,53,CA58CF3D8943
2757,68,CA64C82B0F26
2758,62,CA73BDEC2752
2759,63,CA7CE4CE7ED3
2760,55,CA7EF1C7C3FE
2761,39,CA8C0B2EA600
2762,75,CA8DAD4BCC7A
2763,102,CA966FF7F1E6
2764,39,CAA2C4C4E79C
2765,47,CAAB28864F44
2766,45,CAC2F2EE4C2D
2767,59,CAC6822F740C
2768,57,CB120B25B46E
2769,43,CB17AF6F1138
2770,63,CB2F9A2B612B
2771,61,CB327222A71B
2772,79,CB34AD33CAEB
2773,115,CB4C85EFAE67
2774,89,CB71E5F9AE1E
2775,63,CB73FAA1669D
2776,17,CB7F46E1BDF6
2777,66,CB892FB55B59
2778,56,CBA73A4D5C18
2779,53,CBB0475A89B4
2780,108,CBCA3CFF320B
2781,9,CBDE3C526D05
2782,17,CBE7994D8199
2783,62,CBEB284749D7
2784,33,CBF103FE58DD
2785,69,CBF13C6D3FFC
2786,68,CBF62E8FFA1B
2787,54,CBFD5CD8BCD9
2788,29,CBFEE0C81C5E
2789,121,CC0186CE98B3
2790,34,CC10B6160941
2791,26,CC11E4C2FE01
2792,105,CC149CD4B584
2793,58,CC24D88BEB8E
2794,86,CC2EC6C74865
2795,61,CC30C03474B1
2796,41,CC68BA9DCB2F
2797,24,CC8647F0D1E1
2798,171,CC8C5C963660
2799,49,CC9E2835EFAF
2800,31,CCA58535073C
2801,85,CCB13E22A439
2802,34,CCB5EED97986
2803,61,CCC05B237877
2804,132,CCDD77656701
2805,89,CCEFC4392340
2806,125,CD1D7EC5810C
2807,117,CD4135EAFB1E
2808,70,CD47F64F2398
2809,43,CD506B5747F7
2810,108,CD52F56B2392
2811,63,CD5F70E5C1D7
2812,48,CD7201C66BBC
2813,103,CD81F6CCE819
2814,70,CD99E2D6DBE9
2815,43,CD9AF89E5CA1
2816,57,CD9FDD5F9F9E
2817,30,CDA4015E635A
2818,66,CDAA99F49D42
2819,21,CDABA09822C7
2820,43,CDBB3ACAD2C8
2821,52,CDCE16D2C836
2822,63,CDCE6EB37AF6
2823,22,CDDAB6C29BF8
2824,43,CDDCA13DB734
2825,64,CDDFBBACC7B6
2826,73,CDE661A599F5
2827,53,CE11907D971D
2828,120,CE19B516A167
2829,29,CE214B0C2CB6
2830,34,CE246FE2471F
2831,140,CE2EC298670A
2832,54,CE43CDF8BAA4
2833,94,CE43DBA12965
2834,32,CE54FF437FFC
2835,42,CE6A2E382FBE
2836,23,CE7E3C75BAF8
2837,18,CE7FCD160837
2838,73,CE9843304D87
2839,24,CE98C42F51C2
2840,47,CEAD27DE3263
2841,77,CEC1115B69DB
2842,102,CEC5B40D1688
2843,36,CEC6870D564F
2844,4,CEC71375C061
2845,67,CED4F9C63B9B
2846,71,CEE41F7526FA
2847,16,CEE6F38D4ED6
2848,79,CEF302996231
2849,58,CEFC32741811
2850,52,CEFDC545C24F
2851,109,CF288DDE1328
2852,89,CF290C0884F0
2853,47,CF3DC2587708
2854,157,CF45352F8424
2855,72,CF453C152FD5
2856,41,CF4E6D77F514
2857,18,CF7AF5FA5DDC
2858,43,CF961DD37C82
2859,34,CFA41112FF1B
2860,38,CFA55621F274
2861,50,CFBD5DD8ECFD
2862,91,CFD0D13D3180
2863,51,CFD454F55693
2864,112,CFEC920440CE
2865,40,CFFD84E8F43B
2866,75,D001F6D3A0D0
2867,58,D0056301ADA8
2868,69,D01F88C1F2A0
2869,83,D0211302AE30
2870,26,D03AC4A82463
2871,11,D03BCE849DEA
2872,33,D03CE04CF47C
2873,52,D044FCEAE0D7
2874,76,D06951B19A28
2875,68,D06C0F3D5553
2876,75,D06EDF336392
2877,59,D08BCAC0B1D6
2878,62,D09D2C17FB38
2879,39,D0A218161D37
2880,111,D0A5FF29C338
2881,86,D0C50EB5CB1F
2882,97,D0CC47FFC293
2883,48,D0D7C3A056CE
2884,132,D10BBD82D66F
2885,37,D116B2A5E044
2886,74,D129F19FF7F7
2887,60,D139A5C53DE9
2888,45,D13D39A7CD7E
2889,58,D14413B502FD
2890,56,D151A06B4136
2891,55,D159EE3218BC
2892,53,D15E85D292CE
2893,48,D16B3304A010
2894,64,D175411080CC
2895,72,D1769512AB23
2896,60,D184EDBFB3B8
2897,25,D190133EDD2B
2898,38,D1A0AFC80A9A
2899,66,D1A682106D3C
2900,54,D1A866170CEA
2901,80,D1B607165DAB
2902,39,D1B9985EAF6C
2903,61,D1B9A2A7BEDA
2904,83,D1C316C7ED37
2905,22,D1C5C7879A33
2906,67,D1D770AF6855
2907,30,D1EB6E3F8A28
2908,65,D203157DCBF0
2909,41,D2035E3721BA
2910,58,D22D2878F4C7
2911,28,D23D870D5333
2912,40,D2421A895FFA
2913,29,D242BBCBEAFB
2914,44,D250DB9080E0
2915,66,D2517350CB3A
2916,11,D25868F1C5C3
2917,69,D25F59B6DC95
2918,71,D26C9B0368D0
2919,61,D28F4250040D
2920,60,D2910C3C8E3B
2921,112,D293D510A140
2922,92,D2C7BE42DEF6
2923,60,D2C9C1EE55F2
2924,42,D2D9D0C94A14
2925,71,D2DF0FA5218C
2926,54,D2E2605EE795
2927,74,D2E545CFEBF3
2928,66,D2EBEB5FDA90
2929,51,D2FB14A7C43B
2930,98,D30614F0911F
2931,109,D30D6D7F3D39
2932,62,D325C8F858F6
2933,34,D326DB3F4FCF
2934,47,D3291B198D36
2935,97,D344D0003B84
2936,61,D35A126B4379
2937,77,D3612C6F0653
2938,96,D36CCF111F86
2939,29,D37157CEC26F
2940,51,D371D73ACCC2
2941,29,D38A414FA051
2942,24,D390FE972D8F
2943,72,D3999CF53EFE
2944,81,D3A5813D8C06
2945,100,D3A6B04B54A9
2946,53,D3B45F8759E3
2947,48,D3C9A3C2BB08
2948,107,D3D5841674F5
2949,39,D3F44CC7EC17
2950,49,D401F5D87E45
2951,42,D41787486DA6
2952,34,D4269468970A
2953,37,D42B6354404D
2954,120,D42B99110E5C
2955,64,D43F13CE2638
2956,78,D43F9C906CD6
2957,144,D447CB3558A0
2958,78,D4490C9F73B9
2959,103,D45494CE3D2E
2960,80,D457F3AEAC6D
2961,72,D45A0B7F9D48
2962,29,D464E294DDB4
2963,24,D49547B9FCB3
2964,81,D4A0BB487395
2965,20,D4A38C52F57D
2966,66,D5202DF530D1
2967,132,D537BE6997F7
2968,26,D54C778A8F9C
2969,86,D5588B5DD6FF
2970,49,D579D6F26A91
2971,102,D57EBE64C7A2
2972,62,D581D89A822A
2973,93,D58980F5EC66
2974,22,D5916B1F52BB
2975,64,D594B486E6B5
2976,47,D5A110D65134
2977,73,D5AC4A35BAF8
2978,98,D5C7212A31FD
2979,33,D5C7AA1266CC
2980,95,D5C8C29F17D8
2981,41,D5E3716C5E49
2982,55,D5E4F0C7D0BC
2983,48,D610B092DAD9
2984,43,D61FC9795679
2985,24,D6278021E119
2986,88,D62F970B0DAE
2987,46,D6407F1D3515
2988,57,D6504339A690
2989,35,D669349412FB
2990,57,D679B3291B9C
2991,143,D684AE8A9418
2992,24,D68907DB12ED
2993,64,D6894AB9188B
2994,42,D6930DD4EDD0
2995,33,D6B34BAFC908
2996,73,D6C9DE61BAF4
2997,76,D6CCEE56DA9D
2998,49,D6FF6E26EB7D
2999,66,D7301CAAFAB0
3000,78,D743AC1EB08D
3001,75,D7528DEBA951
3002,101,D752DF2541DD
3003,46,D760EF65B80C
3004,21,D77456B25F73
3005,63,D7766B98F761
3006,99,D776E7CA9913
3007,50,D779EEB6F8BC
3008,40,D77A3352CB34
3009,102,D7817C171926
3010,61,D7B9BEAEE50E
3011,32,D7C6DEB19630
3012,59,D7C9E22CC216
3013,42,D7E4E0A1B943
3014,128,D7EC70BFCAB6
3015,47,D80B98C274D4
3016,43,D80ED2446C0E
3017,109,D81AEDF6E262
3018,28,D84024335230
3019,44,D840D9ED669C
3020,69,D84463ADEE19
3021,63,D8532CCFE454
3022,76,D86C20117DC9
3023,29,D875C4365BC3
3024,48,D87F1B0CE93F
3025,22,D8934CA35801
3026,106,D8D84A2E4CE0
3027,39,D8D90E042134
3028,62,D8F9861CD318
3029,72,D8FCB1AB9867
3030,99,D9018539576D
3031,20,D9130F5402F6
3032,56,D91D25F55AD9
3033,64,D92452B93539
3034,30,D92BFF2AC7FD
3035,62,D93895A285B0
3036,75,D939E8851FAE
3037,30,D93EC6A7E859
3038,31,D940E4357737
3039,64,D9469EFAE287
3040,42,D948703E8026
3041,125,D949A947DD92
3042,50,D95A9CC4C62B
3043,52,D95B78E39793
3044,49,D96EF27304E5
3045,64,D99C71A15BA0
3046,42,D9AAC11BC7AC
3047,33,D9AAEE4C9BCC
3048,66,D9B44BD44222
3049,25,D9B51C663A5F
3050,83,D9B80F897473
3051,71,D9BC7F4F22F0
3052,55,D9D8AB28BD26
3053,110,D9E77CD4506B
3054,98,D9E7B148EF8C
3055,62,D9F549A8EE63
3056,63,D9FA943B5453
3057,37,D9FB5E411A4F
3058,7,D9FC1CDE9B10
3059,57,DA00F2B25B8C
3060,95,DA1ABE125640
3061,31,DA228B928B61
3062,54,DA254A895F0D
3063,128,DA26E5E2C08E
3064,56,DA43320FCA57
3065,39,DA4E1BDBD778
3066,37,DA5CA667B729
3067,47,DA674E9EB26C
3068,56,DA6899CADE97
3069,63,DA7C756EEA38
3070,103,DA86BC9B9FB6
3071,17,DA8E64EC1304
3072,77,DA8F8C0D6952
3073,68,DA92389BB8F0
3074,45,DA994B5C3784
3075,28,DACE7A4DE7DB
3076,25,DACF12F21A7C
3077,71,DAD01CB5C8D8
3078,96,DAD5BCDAB7DD
3079,86,DAE1AA29184B
3080,32,DAECE15EE507
3081,29,DAF9AC30424E
3082,50,DB050381035B
3083,39,DB0A595A4723
3084,58,DB1838237151
3085,56,DB2E935F461F
3086,70,DB2EA5C4828F
3087,72,DB34A89420F2
3088,61,DB621DB9A4C3
3089,24,DB69B98973B6
3090,108,DB6B9E64CFF0
3091,45,DB80C6963DB7
3092,20,DB85B6DDB462
3093,22,DB8F7B150495
3094,55,DB9BA6D8278F
3095,6,DBAB680CBC5D
3096,41,DBAE7F4F7837
3097,41,DBBAF0AB97FB
3098,49,DBC04530D2F9
3099,65,DBC60BDBC49E
3100,105,DBC8CBF56BB9
3101,68,DBCAB09E41C7
3102,105,DBDBF971510B
3103,62,DBDE16551908
3104,161,DBE977177080
3105,47,DBF44F842C57
3106,43,DC099826F469
3107,37,DC1271D1294D
3108,53,DC247D62DB3E
3109,49,DC2E6750CDEC
3110,63,DC33D5F69792
3111,33,DC391957FF10
3112,84,DC467256CD82
3113,79,DC56EF65D59D
3114,94,DC5DAF538DF2
3115,40,DC6EDCFCFBC2
3116,129,DC77E1C50756
3117,38,DC7961960711
3118,40,DC7F27315FCF
3119,41,DC88C1130FD9
3120,93,DCB1A6F255A8
3121,25,DCB9EAF9C92A
3122,21,DCBE020F2A4F
3123,45,DCCA609D1212
3124,167,DCDDFA12E124
3125,51,DCDED7261D03
3126,44,DCE760033193
3127,63,DCE82F61BE10
3128,52,DCED139D2C03
3129,18,DCED9DA8896F
3130,63,DCEE7FD21CFD
3131,41,DCF9F70FBA91
3132,17,DCFBEEAC3AA8
3133,45,DD00E48BC258
3134,35,DD10F696E570
3135,110,DD265EC28AEB
3136,214,DD279F25DC1F
3137,69,DD474E5804C0
3138,129,DD66EBC605D1
3139,34,DD91A86810BD
3140,25,DD96F81877AF
3141,34,DDAA14DE7D11
3142,118,DDB673D3627D
3143,86,DDC3C4A828DA
3144,77,DDCB2CC96EA7
3145,19,DDD1A1F08FDF
3146,58,DDD24AF9146F
3147,81,DDD3771E1DF6
3148,38,DE06A0AF7DEC
3149,51,DE0F5C13960F
3150,86,DE1A1149D54B
3151,100,DE20CFA52C1D
3152,140,DE3867FD43DE
3153,29,DE41897F9C7E
3154,125,DE54A8F9C29C
3155,60,DE54F3466948
3156,64,DE56AA9B4BF1
3157,35,DE8162CAC353
3158,51,DE841BF24A2F
3159,129,DE8EAEAC72D9
3160,106,DE921CECE21A
3161,37,DE962FEDCD9E
3162,38,DEA1F417949A
3163,50,DEB7816C7CAF
3164,49,DEC2349902F8
3165,42,DEC2A1A6A1CA
3166,50,DEC50B420484
3167,64,DED3BCBE5049
3168,71,DEDCC703F6FC
3169,46,DEDD5C568B4C
3170,93,DF058CBE24A6
3171,55,DF111089EFA4
3172,52,DF149975C610
3173,45,DF193A9E1C5A
3174,24,DF1D43973CFA
3175,38,DF23B896A1C2
3176,39,DF328FBE5029
3177,31,DF64D7FF61F1
3178,55,DF74545A44C8
3179,69,DF785B00E2A2
3180,33,DF8B648769C5
3181,56,DF9E11F7A06E
3182,66,DFB7AB4481AC
3183,99,DFCF2A3BE972
3184,27,DFD93C26F453
3185,36,E0209F1D5DF6
3186,95,E033F3B6B044
3187,92,E03B0AA78E40
3188,29,E03B6B157C32
3189,55,E04208981449
3190,60,E0538F7AB083
3191,76,E0553AEE109E
3192,43,E060D90D6CB9
3193,95,E0656353B8F2
3194,62,E069D2A8AE1E
3195,70,E06EDBA28C44
3196,72,E07B043F3C2B
3197,61,E07F7A913FB6
3198,81,E08185D94A44
3199,22,E083802BEB79
3200,34,E08B2DFE266D
3201,61,E0A8EBEE657B
3202,35,E0B4FCC6FD58
3203,55,E0B86027C5C5
3204,19,E0BABC4506D0
3205,18,E0BDF62838F7
3206,23,E0BFF1488787
3207,29,E0C521DEB367
3208,15,E0DF99CD1D9C
3209,64,E0E060143B79
3210,91,E0EBA1995BCB
3211,45,E0ED97D6F88B
3212,44,E0EEC1CE4679
3213,49,E103955391AB
3214,84,E110443F5184
3215,72,E11139259D4E
3216,87,E12401B92C3B
3217,67,E12450BAE343
3218,66,E13F3C0CB738
3219,39,E17E9E75ECEB
3220,90,E18675E47293
3221,22,E1898E71ABD6
3222,29,E1920CC1D734
3223,180,E19CE100743C
3224,224,E19E1BEB08EA
3225,143,E1ACA6A0198E
3226,55,E1AE7FDD072F
3227,12,E1B279EE81AE
3228,41,E1B30D0F1F11
3229,77,E1B9CAF68CA7
3230,38,E1CAFEEB258E
3231,35,E1D1EFCFD8CD
3232,86,E1DB041DD77B
3233,55,E1E09D32484D
3234,30,E1EC4869981F
3235,58,E20DE200FEA8
3236,69,E21038BEF290
3237,45,E218D28DBF0E
3238,92,E21BAA47A9F4
3239,43,E21C97204867
3240,43,E21D14227555
3241,18,E22AC96B8B1D
3242,108,E22F1FD54169
3243,25,E231B7832E0C
3244,17,E23EF596D2B8
3245,69,E2456BDC6648
3246,37,E24A6E61B08D
3247,87,E24ADB91F6D3
3248,38,E25FE9E05F36
3249,28,E263EB3FBC22
3250,67,E2687856AA7D
3251,82,E28221F47AE3
3252,64,E282639E23F5
3253,27,E2A60C034849
3254,33,E2B6281D99BD
3255,41,E2C3F26AB94D
3256,42,E2D7273C427B
3257,93,E2E3D86A8CF8
3258,39,E2E6984894BC
3259,32,E2E99090C7D5
3260,86,E2F31005AF32
3261,74,E2F71EA3C3FE
3262,58,E2F767441B44
3263,28,E2FC55BF5005
3264,40,E2FC7B4466C5
3265,46,E3096B04916A
3266,106,E3097287CBD1
3267,45,E312449DF480
3268,65,E31B2A06C28C
3269,31,E33FFA17ED69
3270,56,E34E1B7D1691
3271,20,E353A05E7C8C
3272,42,E3611716918E
3273,12,E362F08345FE
3274,84,E36B406AFE70
3275,31,E376D913FA25
3276,49,E382BBC2D88E
3277,34,E3CCA8712549
3278,76,E3D9EE7C68F1
3279,59,E3DBC3B092A7
3280,44,E3DF63035440
3281,19,E3E6D43F34B2
3282,183,E4051C85D12E
3283,67,E4124757C2B0
3284,13,E4298EE64777
3285,44,E429DAB69106
3286,58,E433745B3F87
3287,63,E43EB471951D
3288,181,E446D60AD551
3289,57,E4596B010B9B
3290,54,E45C9BFE63FA
3291,50,E4643D2ADD0A
3292,28,E47A7E497F78
3293,70,E481AA5C2F0B
3294,44,E48441F53011
3295,54,E4905D0DD050
3296,48,E4BBB2E44D64
3297,57,E4C49D70C330
3298,22,E4DCBE75344D
3299,46,E4F813D54870
3300,87,E4FF635779B8
3301,40,E501D2D7FC83
3302,46,E508BAFC3BF9
3303,16,E51754AD1D38
3304,41,E52ADC86DFFC
3305,51,E52BA6E4D7EE
3306,30,E52BD4FC3FF0
3307,61,E52C094A1DAA
3308,73,E545B850725F
3309,82,E54E238C6DDB
3310,57,E55289EA6492
3311,11,E5621447B675
3312,69,E566F0D20F98
3313,47,E56AA3BD89AD
3314,35,E56D4253DFE7
3315,79,E56D7CC27444
3316,82,E57E60E07425
3317,28,E587CBD5D1E4
3318,66,E597A35FA323
3319,49,E5B3346016BA
3320,49,E5C9AD14EB2D
3321,67,E5F1CCC31762
3322,42,E6122E9ABFA3
3323,50,E6338A929654
3324,88,E6346D434004
3325,36,E64FBE962223
3326,50,E65D5A2616D2
3327,63,E660157F81B4
3328,26,E69D5E1FEAB4
3329,38,E69E62149A87
3330,30,E6A0D625F9C3
3331,141,E6CF2D3B4FA2
3332,78,E6EF69520940
3333,115,E70DD00622DB
3334,90,E71DABB44645
3335,29,E71EFBE547CF
3336,28,E7328989C861
3337,85,E733508EEB84
3338,85,E738D8E24101
3339,55,E73CF852AC12
3340,31,E7510A2A4F0A
3341,51,E7585113D7EC
3342,88,E76B3F5205CD
3343,71,E770240CAEE1
3344,52,E78C1D3328E3
3345,20,E792CBEB06C5
3346,38,E7A370A15B49
3347,69,E7A76C48340D
3348,64,E7A9FD471BE3
3349,43,E7C8F254C841
3350,43,E7DB2DC8B151
3351,42,E7E6102C559E
3352,97,E7EBDBDD703F
3353,74,E7EFD51B632F
3354,44,E7F9A77683D2
3355,24,E80B0AD2A9D7
3356,110,E80C88E9837C
3357,33,E812CBED82E3
3358,65,E81B50098AAC
3359,27,E8257C027079
3360,54,E83134C87EFA
3361,127,E83BE2C46D0D
3362,130,E8445DB18983
3363,42,E847B658E4DA
3364,69,E8485EFFC9A2
3365,54,E853D5DD528D
3366,25,E877D5AD16DA
3367,107,E8795A1AA404
3368,62,E883A8265183
3369,28,E88DDF2C81EB
3370,29,E897534557AF
3371,40,E89C57CE37A6
3372,32,E8AB23A796F1
3373,150,E8B0698217A3
3374,50,E8B836196ADB
3375,33,E8BF036DCFA5
3376,15,E8BFE6D45E41
3377,25,E8C3FA5907B0
3378,144,E8C554B25F19
3379,65,E8DAB90C65F7
3380,85,E8E07D453C9B
3381,41,E8E60E149B48
3382,51,E8EE54F7A2AD
3383,44,E8F6D6EA06F1
3384,51,E8F77B7EB4D9
3385,97,E91431653DE3
3386,67,E91D1A0039C3
3387,68,E91F2E8986B2
3388,74,E926BE6F104E
3389,43,E952F0EB5083
3390,46,E966121134B7
3391,152,E969EF7D2D8A
3392,39,E96C0F9CE5E3
3393,60,E96C123FAC95
3394,120,E9705A9C0FE5
3395,111,E974548BFD00
3396,34,E98862049B2E
3397,51,E98FABC326F7
3398,55,E9947D032E7B
3399,50,E9BFBEA772EF
3400,9,E9CE2D1B2D50
3401,36,E9CE67114F63
3402,68,E9E68651B168
3403,38,E9F50492B159
3404,21,E9FC757ED1E3
3405,160,EA03135D3C88
3406,149,EA04020F5ECD
3407,37,EA105A8B8699
3408,33,EA1B7D05FE81
3409,33,EA37D9C12C91
3410,163,EA40087521CC
3411,75,EA42A6028804
3412,96,EA4AED3BFE34
3413,27,EA5B3C8E09D1
3414,64,EA857E7CEFD9
3415,54,EA8BE9778AA9
3416,122,EA970C38817C
3417,89,EAB299C6ECED
3418,36,EAB3924FD98F
3419,88,EAB74EEE65B3
3420,41,EACD6F08F69C
3421,56,EAD2625A1711
3422,45,EAE70CCAFC13
3423,41,EAE71A9E0247
3424,61,EAEE04B1F712
3425,126,EB03C897F7E8
3426,41,EB0F373C1D2A
3427,79,EB1500B8EA75
3428,72,EB3D751AD980
3429,36,EB403A2AA1DB
3430,124,EB5924FBD25C
3431,60,EB67209E0468
3432,75,EB8030177678
3433,47,EBA7A8A0384C
3434,118,EBCC0B6D36D0
3435,42,EBD07D2D103C
3436,50,EBD559A9576C
3437,83,EBD586EB3AA8
3438,147,EBE0730AFF0E
3439,23,EBE636368EBC
3440,107,EBEFF43F46EE
3441,84,EBF9131A638F
3442,33,EC047D97041F
3443,31,EC07B11B2CF3
3444,81,EC0B04508F7C
3445,112,EC2758A5B74E
3446,44,EC35456D4E07
3447,54,EC3B982A622A
3448,15,EC3F3F26E635
3449,38,EC5138D8C9D6
3450,45,EC64EE12DBB4
3451,44,EC773C38B72C
3452,74,EC7A73638669
3453,100,EC82975E75DA
3454,31,EC8590A774E6
3455,45,ECA6E86705B6
3456,52,ECB127F00953
3457,59,ECC9E84CD3D1
3458,26,ECCAD55DE7BA
3459,8,ECE377D2E967
3460,101,ECEE1FB05BDE
3461,52,ECF0CBAE7E06
3462,118,ECF265A73C7E
3463,63,ED06CD30103F
3464,78,ED0A8E614649
3465,72,ED185DEBD213
3466,51,ED35A1FF5ACC
3467,62,ED40DCB2F669
3468,47,ED4CAEB0D7A3
3469,67,ED57CFEC1CF1
3470,68,ED6070D470FF
3471,73,ED74D2C2403B
3472,61,ED81EC443A69
3473,64,ED8E7F6A56DD
3474,76,ED937FC56246
3475,41,ED9C6EDC5601
3476,83,EDA0DCA3FC41
3477,24,EDA3FF6D2DCA
3478,90,EDD899D4131D
3479,54,EDDAE2D4080B
3480,48,EDE0A58B0B47
3481,60,EDFFA0E4D88C
3482,41,EE392BB6CFD1
3483,81,EE3E133A2D55
3484,85,EE58A33AD551
3485,41,EE6114478ECF
3486,51,EE6ECB910EB2
3487,147,EE855A723FE0
3488,57,EE99F74CAE44
3489,36,EE9EA950AAE1
3490,40,EEB113169637
3491,113,EEB4D170D513
3492,22,EEB58B11D40C
3493,68,EEB5AAA18E11
3494,39,EEDD6AC8DC5B
3495,73,EEDF62EFA5D7
3496,79,EEE6067CF9B5
3497,45,EEE7731E8A57
3498,66,EEED5054938E
3499,37,EEEEC24C9AE7
3500,29,EEEF07B3D146
3501,78,EEEF81C2E133
3502,37,EF1CF9E844F7
3503,90,EF2E939F92B2
3504,21,EF36F9497E96
3505,22,EF3A72193AAF
3506,39,EF455BB07922
3507,103,EF45D0314A20
3508,85,EF47AB98271A
3509,28,EF4966D17FFB
3510,68,EF5922BDE9E5
3511,70,EF5B4AE52BE6
3512,82,EF6B8CD5EDE9
3513,30,EF7E0CBD62D2
3514,21,EF8047505E53
3515,26,EF9677DEFA79
3516,115,EF9D616EAC4E
3517,127,EFACA593A52B
3518,51,EFB208F9EF60
3519,98,EFBD506FC8F2
3520,155,EFBF293CC2AF
3521,94,EFCC45260444
3522,48,EFD563DFAC60
3523,41,EFD7D87EF4C9
3524,52,EFDAD69E103B
3525,52,EFDC396D9F7A
3526,53,EFE2BC73A573
3527,50,EFF1803E4B81
3528,36,F0078F48B6D1
3529,86,F0116D8BA334
3530,182,F032D40816C0
3531,53,F0524CAE23DC
3532,103,F05D3802BC94
3533,31,F06699DB73E0
3534,83,F069420C6DB7
3535,105,F06D9612B900
3536,36,F074C2FEC1AF
3537,101,F075F9AD2AA4
3538,38,F07EB7B6F40E
3539,50,F093FCEEC17E
3540,66,F094225CAE4F
3541,20,F0B44890C961
3542,106,F0BB52DD1DB6
3543,18,F0E76CC2EF7A
3544,15,F0EA44C34C13
3545,49,F0EECEC5C84B
3546,51,F100483B6259
3547,61,F11E6745A8DA
3548,90,F123CF0BF9DB
3549,50,F1270F8362F8
3550,28,F12B9AF96175
3551,25,F12C7794CDCB
3552,70,F12EC7A7D168
3553,43,F12FEB0FE5B6
3554,66,F131A67F5B95
3555,89,F1329DA98283
3556,52,F13C7EC54868
3557,10,F144EA4BE505
3558,139,F1596AB60E72
3559,50,F160E7B1FD96
3560,76,F1620489BEB3
3561,40,F166A6757369
3562,66,F167D1995565
3563,33,F16AFE936F49
3564,33,F17A4EF296EB
3565,52,F17D56052066
3566,92,F17DDEB77A2A
3567,30,F17E1C91D1DC
3568,56,F17F4DF6095D
3569,33,F1883C3A8C1E
3570,45,F1933BF43F45
3571,18,F19CD0CE3534
3572,53,F1A4167422E2
3573,76,F1A5FE43ADD0
3574,74,F1AAB82CE621
3575,40,F1B1760AD63F
3576,41,F1B4090C8B06
3577,63,F1B4412674FE
3578,83,F1BB39C5E549
3579,48,F1CB29904BBD
3580,90,F1DF4F89F70D
3581,47,F1F6D7CAE400
3582,51,F2029DDE1D2B
3583,81,F2165F132C87
3584,31,F21B26DBED29
3585,52,F22B25257E47
3586,81,F22FE8D7FA16
3587,102,F2387DA187A4
3588,43,F2649F7F089F
3589,34,F27DE7F7F3AB
3590,75,F28D4ACF03AA
3591,67,F29244150DCB
3592,24,F2A721819364
3593,38,F2A97549C778
3594,61,F2AE464DA15E
3595,50,F2B360408003
3596,61,F2B390040C12
3597,66,F2BAC6095D8A
3598,26,F2C012ECBF9C
3599,62,F2CB99D1FE9F
3600,32,F2DE30047DF9
3601,91,F30AD5A2B74A
3602,144,F3259CFA6566
3603,57,F347A054A1AF
3604,46,F3550CF50ABC
3605,161,F3604BAC5D79
3606,49,F386245C7C21
3607,68,F38E063ED945
3608,35,F3996EB91406
3609,35,F39FFFB63840
3610,38,F3A5981B0288
3611,72,F3ACD9A99ADA
3612,70,F3B7C2480747
3613,39,F3BFC265844A
3614,52,F3E0762BFA43
3615,59,F3E2F311D829
3616,96,F3F4454A2E3B
3617,73,F40D707EC722
3618,70,F43067F5C920
3619,39,F440ECCF9E67
3620,43,F44AE6192EA9
3621,33,F44D5A636C2F
3622,84,F45967CEFA55
3623,12,F45F03EBB2CA
3624,45,F47F7676912A
3625,16,F48D7BBAF52D
3626,21,F49521C3494B
3627,12,F495D071AE60
3628,186,F4B3B2CAB030
3629,175,F4BE7BB77A43
3630,66,F4BEEA034AA5
3631,56,F4C52358CE03
3632,68,F4CFA4007C99
3633,26,F4D07B2A60F9
3634,34,F4D23BAA49AE
3635,51,F4E879AE7FBA
3636,57,F4EA60BCBC2C
3637,46,F4F054797227
3638,114,F4FC2D64C127
3639,28,F50C9936F416
3640,71,F51C77EFF5D8
3641,109,F52394B3500C
3642,100,F530741D2297
3643,33,F531D21A72F6
3644,53,F53B14C7F455
3645,56,F53E50C57938
3646,38,F54386A8122B
3647,78,F55F4FD90B3C
3648,34,F5609AECDD96
3649,48,F57B95D17755
3650,41,F58106266977
3651,62,F581373D36A4
3652,161,F5817C081342
3653,78,F584D9BB5F5C
3654,94,F58DF8739B42
3655,90,F591A84185A4
3656,62,F5A5B0906BE8
3657,60,F5A6427C32CA
3658,35,F5B510BCCA2D
3659,84,F5BC1532013D
3660,108,F5CB9849B913
3661,131,F5D2D8C81370
3662,42,F5E70573B058
3663,44,F5EA98F42452
3664,78,F5EFA67354E6
3665,47,F5FAD709AAFC
3666,113,F5FF5E9E553C
3667,65,F60545D8271E
3668,36,F610B3CBF3DF
3669,103,F610C7BCD9EC
3670,69,F6194DEBEFA7
3671,38,F61FB474D85F
3672,57,F628F0D46CCC
3673,54,F62B971B739E
3674,86,F65622698950
3675,39,F65D9047F656
3676,58,F66B2BAB7E4C
3677,53,F673BCEC3BD1
3678,78,F6886170FAA3
3679,3,F69C85F4C3CA
3680,94,F6AA88DC9ACA
3681,67,F6AEEC01F174
3682,47,F6B1E10F02C8
3683,27,F6C88F801A8A
3684,125,F6DEF203DCD1
3685,125,F6EAE029B20B
3686,28,F70288B24094
3687,39,F711DAD6AA51
3688,63,F72B0C4DB804
3689,90,F72B3EE2E414
3690,64,F72EA674A872
3691,51,F737FB396F2E
3692,46,F73899060D94
3693,46,F73B27B9A443
3694,79,F747581D0782
3695,54,F758E275C993
3696,55,F75BD3928377
3697,91,F75D6E5CCE78
3698,18,F763D4DB9224
3699,66,F771A9924D56
3700,62,F772343CC7A7
3701,55,F78366DD5A31
3702,53,F792FE4DCF1A
3703,66,F79EB8CBE0FE
3704,85,F7B478DB88ED
3705,63,F7B5DF87EA1D
3706,3,F7B655834981
3707,73,F7CBE1D11BF8
3708,35,F7CC31D47F06
3709,69,F7CF6202A7FA
3710,53,F7DB1032DFAC
3711,67,F7DC6C783239
3712,26,F7DD6134C693
3713,61,F7DE5680F74D
3714,68,F7DF6ABE8573
3715,57,F7E091B1D163
3716,26,F7E78C064324
3717,104,F7FD0CB34BBC
3718,53,F82EFD88E2BE
3719,53,F834F75D0E3C
3720,58,F83702EEB830
3721,136,F84E5DEFC874
3722,51,F85B1C875E6C
3723,51,F869B38F3A89
3724,29,F86C79CE78F4
3725,48,F86CA3BFAB20
3726,35,F87594F095B6
3727,35,F8776FDF7DC0
3728,120,F886A2B6F351
3729,66,F88A0801C9EB
3730,65,F893E9ED1F0C
3731,68,F89738650EDF
3732,127,F8A3497B5F2D
3733,53,F8B49772E887
3734,17,F8BA702A8450
3735,61,F8C7B0C9F064
3736,82,F8F503B765DA
3737,35,F8F7785B285B
3738,25,F8FD4F6B6DE6
3739,32,F8FE41D805D0
3740,153,F8FE459205F4
3741,95,F9069F051AD1
3742,99,F9072F36ECE7
3743,75,F90A25704212
3744,78,F90A6181BBCA
3745,68,F9111CF0A009
3746,62,F91EFD0443E6
3747,73,F92C1E979556
3748,85,F93A5B7E57AF
3749,35,F951F260E983
3750,96,F95CE6B81C75
3751,53,F97469E0877C
3752,72,F98F9BA65DFB
3753,101,F98FEC21D9EA
3754,18,F998E8BD71CF
3755,57,F99B20789DD7
3756,21,F99CE431D554
3757,73,F9BE4676CA35
3758,108,F9C298BF7CE5
3759,21,F9C96F25D515
3760,32,F9D0974B3AF7
3761,54,F9DDE725DB74
3762,134,F9E1434B2151
3763,52,F9FEE5DC1640
3764,41,FA0619D6A0DF
3765,108,FA078892658B
3766,67,FA08CD5A2E48
3767,49,FA0A1D6FEE25
3768,63,FA0A22FE957A
3769,74,FA11AB7CD13F
3770,47,FA130BF0072E
3771,41,FA145FA7B678
3772,75,FA2DE7E82907
3773,78,FA314E23647E
3774,20,FA38957FCAF6
3775,73,FA3D872358BF
3776,18,FA43581AD6D1
3777,77,FA4D2DB3B9EA
3778,68,FA55AEEF8F9C
3779,54,FA568C27F0F5
3780,63,FA5998D50575
3781,30,FA5BCD4CBF5A
3782,52,FA63EE28501A
3783,43,FA72E7D170D5
3784,48,FA87416EF173
3785,27,FA9386DCB8DD
3786,29,FA9E315D7939
3787,56,FA9EEE4BF0AD
3788,38,FAA0197AFF57
3789,93,FAA9FC1B315B
3790,84,FAAFFC983E47
3791,83,FAB189F7E4DF
3792,23,FABE0E966789
3793,65,FAC0A72D62EE
3794,10,FAC16838327F
3795,24,FAC3F8F91C6F
3796,59,FAC8305E209D
3797,54,FAF2897C9B65
3798,42,FAF6B6E4DFF4
3799,27,FB1A86FB4BFC
3800,53,FB2840C4B789
3801,117,FB4D3D883D49
3802,119,FB4EAE59106B
3803,82,FB5F33FEC99F
3804,20,FB68439D9CBA
3805,56,FB687C2C7D4B
3806,96,FB6F9B24FD1B
3807,67,FB70FE5B31A8
3808,93,FB73ABAB1D14
3809,98,FBB5F20E7554
3810,43,FBC269A9D3AE
3811,83,FBC421A7BE79
3812,68,FBE180CF324E
3813,79,FBE8983EF69C
3814,70,FBE9FF521DD1
3815,50,FC0B49DA0438
3816,42,FC2050EA9039
3817,52,FC211F7815F2
3818,81,FC2D44D20533
3819,53,FC33EC420C9E
3820,70,FC343CFBE807
3821,34,FC36DBAE640B
3822,77,FC5120C98AE7
3823,86,FC69DC957116
3824,31,FC723537E49B
3825,32,FC7F226294EE
3826,22,FC831CB27E25
3827,22,FC86782120D3
3828,75,FC9DA73D1EA0
3829,32,FCAE7B948DCF
3830,43,FCC2991C1760
3831,18,FCD0FB7FE622
3832,50,FCD5885AE01E
3833,30,FCD96EA1E6E8
3834,37,FCE7BA86AFDF
3835,34,FCF714354720
3836,33,FD0881855804
3837,20,FD0C7DA5E69F
3838,46,FD13023EE10A
3839,40,FD22ECF287BD
3840,70,FD418CE29DFC
3841,57,FD462BF89F7D
3842,69,FD48D4BB6F06
3843,56,FD4C4EDC22DE
3844,44,FD7B0090CFE0
3845,71,FD7DC289E98E
3846,74,FD972500F1EC
3847,45,FD98A503573E
3848,94,FD9A86C8DA31
3849,41,FDA7648F8B49
3850,36,FDB362959DDF
3851,54,FDC94E0FE9C8
3852,21,FDCBCA9B0636
3853,101,FDE0B653AD74
3854,50,FDF7C4F4BC4D
3855,48,FDFB04ED3388
3856,66,FE14D7378CFB
3857,56,FE1D0E5EA2EB
3858,74,FE2115055812
3859,34,FE31D12E44FE
3860,50,FE3CA06DDCA1
3861,36,FE3F2F729D98
3862,53,FE459F8CF4CE
3863,121,FE4E3BB2DAE1
3864,69,FE60E597467E
3865,51,FE69FBDD5681
3866,25,FE6D9B200002
3867,49,FE6EC11C8877
3868,27,FE700406E7D4
3869,37,FE722240CBB7
3870,73,FE7408E48786
3871,17,FE7BFE19D977
3872,64,FE7CACFB2B1A
3873,98,FE822B3E72FC
3874,38,FE8A54A36006
3875,110,FE8B7167BD93
3876,45,FE8BA4043788
3877,33,FEA2C3FB45D1
3878,43,FEA77A729AC3
3879,100,FEAF4F517583
3880,80,FEC5B79E4778
3881,37,FEC7696871E4
3882,47,FED42BB10805
3883,47,FEDCB06D743F
3884,63,FEE662801AF4
3885,65,FF13996AB0B3
3886,54,FF190BD8380B
3887,31,FF197A6B15B2
3888,46,FF2B30052436
3889,28,FF4CBDA0E418
3890,96,FF6224AC70C6
3891,88,FF66DA76E15F
3892,71,FF6F91DC4170
3893,99,FF7698C3CC8B
3894,53,FF76D397A73C
3895,89,FF7FE6BD8509
3896,9,FF8A189E3BE4
3897,58,FF8BAC351714
3898,18,FF8BCBD76108
3899,86,FF9469424ED0
3900,28,FF9C278EA478
3901,65,FF9E0379CD98
3902,23,FFA3D98123DC
3903,86,FFA6690BC309
3904,68,FFAEAF8D0C90
3905,28,FFCDB2524616
3906,26,FFD29828A873
3907,94,FFD9A83B0849
3908,27,FFDC4011AC9C
3909,73,FFE16D704B16
3910,65,FFED00D6E0BD
